target_id,ens_gene,ext_gene,b,qval,regulation
R08E5.3,WBGene00019963,R08E5.3,4.75859648299358,0.0,candidate for direct regulation
F26H9.5,WBGene00009177,F26H9.5,1.87472731946089,4.935581424736819e-145,candidate for direct regulation
C31C9.2,WBGene00007836,C31C9.2,2.7804011684942798,4.0761617134363385e-143,candidate for direct regulation
K10H10.2.1,WBGene00010759,cysl-2,3.71661960816248,3.664939398781969e-138,candidate for direct regulation
T13F3.6,WBGene00011753,T13F3.6,-3.54884056644396,5.740162873172248e-104,candidate for indirect regulation
F23D12.11,WBGene00194674,F23D12.11,-2.31040812261436,1.6262689408342397e-99,candidate for indirect regulation
C33A12.7,WBGene00007886,ethe-1,1.8487827164856,7.67244671457083e-93,candidate for direct regulation
T05B4.2,WBGene00003647,nhr-57,4.22475611995544,2.8361419307995197e-78,candidate for direct regulation
Y38E10A.11,WBGene00012589,nspe-4,5.47516335106887,9.896187505674799e-76,candidate for direct regulation
C17G1.7,WBGene00007653,cysl-1,1.77311969699467,9.001681676812278e-72,candidate for direct regulation
Y37A1B.5a,WBGene00012538,Y37A1B.5,2.73325112835111,2.7413234697150193e-65,candidate for direct regulation
F55G11.8,WBGene00010128,F55G11.8,2.1605233730854603,1.3520627215435699e-64,candidate for direct regulation
R02E12.2b,WBGene00019827,mop-25.1,1.45669351346382,1.7934011436895194e-63,candidate for direct regulation
M05D6.5b,WBGene00010878,M05D6.5,1.7869144853147803,3.8769441678839994e-61,candidate for direct regulation
M05D6.5a,WBGene00010878,M05D6.5,1.7869144853147803,3.8769441678839994e-61,candidate for direct regulation
ZK1058.6,WBGene00014206,nit-1,3.42148305300268,9.507827087243108e-59,candidate for direct regulation
C26B9.3,WBGene00016133,C26B9.3,2.84311236987498,6.07738967670055e-57,candidate for direct regulation
F35G2.4,WBGene00004025,phy-2,2.29348390935133,2.423275850283259e-56,candidate for direct regulation
F26H9.7,WBGene00006732,uev-3,1.37993358532476,4.210064145607129e-53,candidate for direct regulation
ZK637.13.1,WBGene00014030,glb-1,2.07138248172968,9.164010532173838e-50,candidate for direct regulation
Y47D3B.10,WBGene00001077,dpy-18,1.84780543122401,1.3366493420951197e-49,candidate for direct regulation
VF13D12L.3,WBGene00012149,VF13D12L.3,1.5709067889206,3.7486828012086594e-49,candidate for direct regulation
Y11D7A.10a,WBGene00012434,Y11D7A.10,2.21598122617291,8.007018196167089e-48,candidate for direct regulation
F10D2.9,WBGene00001399,fat-7,-3.3747287580494603,1.1160118018015701e-45,candidate for indirect regulation
M02D8.6,WBGene00019732,M02D8.6,1.6462269072323998,1.66347949242024e-45,candidate for direct regulation
W07A12.6,WBGene00012323,oac-54,4.13572370841427,4.68337824187363e-43,candidate for direct regulation
H12D21.7a,WBGene00010383,mpst-3,2.52596550711695,3.0825852274688996e-38,candidate for direct regulation
H12D21.7b,WBGene00010383,mpst-3,2.52596550711695,3.0825852274688996e-38,candidate for direct regulation
C15H9.7,WBGene00015802,flu-2,-1.20167039168326,6.48098106136555e-38,candidate for indirect regulation
F49F1.7a,WBGene00018647,F49F1.7,3.08902605018331,1.2457967652509699e-36,candidate for direct regulation
C35A5.3,WBGene00007947,C35A5.3,-1.58250436538412,5.63326816180592e-36,candidate for indirect regulation
C50F4.8,WBGene00008233,C50F4.8,1.64392220725721,1.5253527159187798e-34,candidate for direct regulation
C50B6.7,WBGene00008220,C50B6.7,-1.99278617123703,6.016197345672098e-34,candidate for indirect regulation
C03E10.6,WBGene00007283,clec-222,2.3197681839937596,1.5736210941739e-33,candidate for direct regulation
F15E11.15b,WBGene00017501,pud-3,-5.690624187105679,1.93325068748725e-33,candidate for indirect regulation
T04A11.2,WBGene00011417,T04A11.2,3.17066720856619,1.0682576308865399e-32,candidate for direct regulation
T04A11.5,WBGene00011420,T04A11.5,3.17066720856619,1.0682576308865399e-32,candidate for direct regulation
F38E11.1,WBGene00002012,hsp-12.3,2.2713358526673098,3.95990060426076e-31,candidate for direct regulation
F27D9.5,WBGene00017864,pcca-1,0.8465174909031979,1.1588192199853902e-30,candidate for direct regulation
K11D12.13,WBGene00044535,K11D12.13,1.43776540150056,5.296891869679709e-30,candidate for direct regulation
H40L08.2a,WBGene00014793,H40L08.2,1.2039829069740602,4.5485438404759794e-29,candidate for direct regulation
F29G6.1,WBGene00009257,F29G6.1,3.41392597524136,5.66081321121713e-29,candidate for direct regulation
Y38E10A.25,WBGene00012603,nspe-6,7.409189228570519,3.39487032704949e-28,candidate for direct regulation
C52E4.1,WBGene00000781,cpr-1,1.3805150634340302,1.50208249630721e-27,candidate for direct regulation
K08E3.1,WBGene00010661,tyr-2,3.6809785293382595,9.0849284544005e-27,candidate for direct regulation
F54D8.6,WBGene00018802,F54D8.6,0.8044178611292958,9.68342681291182e-27,candidate for direct regulation
T09A5.1a,WBGene00023408,cex-2,1.52103370992556,3.9274184464726395e-25,candidate for direct regulation
Y105C5B.5a,WBGene00013647,Y105C5B.5,-1.10190152355017,4.518971780551579e-25,candidate for indirect regulation
ZC513.12,WBGene00006060,sth-1,2.1032604512059,1.99302912841154e-24,candidate for direct regulation
F02H6.5a,WBGene00008538,sqrd-1,5.83710051306317,4.15808762458764e-24,candidate for direct regulation
F52E4.1a.1,WBGene00018701,pccb-1,0.839001812647008,5.9931366051258706e-24,candidate for direct regulation
R05F9.12,WBGene00019895,aagr-2,-0.712651211915299,9.024460108209359e-23,candidate for indirect regulation
Y51H7C.13,WBGene00021791,Y51H7C.13,2.24563736026239,9.64820948668936e-23,candidate for direct regulation
K07C6.5,WBGene00019473,cyp-35A5,-2.00660700852496,1.7391663856985e-22,candidate for indirect regulation
F57B9.1,WBGene00018996,F57B9.1,0.9300960657772529,2.39962394627205e-22,candidate for direct regulation
Y40D12A.2,WBGene00021503,ctsa-2,0.84653195013531,5.25329705679928e-22,candidate for direct regulation
C24B9.9,WBGene00016052,dod-3,3.30906416147191,1.6292769936030099e-21,candidate for direct regulation
M03B6.2,WBGene00010834,mct-3,-1.1294629801063603,2.53151601658993e-21,candidate for indirect regulation
F15E11.15a,WBGene00017501,pud-3,-5.911006376120301,2.7134615912784e-21,candidate for indirect regulation
Y73C8C.2,WBGene00022261,clec-210,2.7622676644890296,2.7182308417768398e-21,candidate for direct regulation
F09A5.9,WBGene00045245,ttr-34,1.58075390453839,2.7478777241509897e-21,candidate for direct regulation
F52B10.1,WBGene00003776,nmy-1,0.933403569082104,3.0773925775856498e-21,candidate for direct regulation
F49F1.5a,WBGene00018645,F49F1.5,3.40547945290536,3.91412288330071e-21,candidate for direct regulation
C02F12.5,WBGene00015355,C02F12.5,1.4602271823231399,5.2882811415274196e-21,candidate for direct regulation
Y38E10A.5,WBGene00012583,clec-4,2.5548695689771,5.7958639860001996e-21,candidate for direct regulation
W07G4.5,WBGene00012339,W07G4.5,1.10926087237047,5.9947421530681196e-21,candidate for direct regulation
C29F7.3,WBGene00007812,C29F7.3,-0.82860427856993,7.28814838587569e-21,candidate for indirect regulation
F02H6.5b,WBGene00008538,sqrd-1,5.3301225351924195,1.2810140710056599e-20,candidate for direct regulation
T07D3.4,WBGene00020307,T07D3.4,0.9504535293201609,4.34775744459344e-20,candidate for direct regulation
T10D4.13,WBGene00002102,ins-19,4.81187482271684,6.690584206072679e-20,candidate for direct regulation
C36A4.1,WBGene00007963,cyp-25A1,-2.0561469710913203,3.8554892397738294e-19,candidate for indirect regulation
F57H12.6,WBGene00019021,F57H12.6,3.14007544996804,1.13874403948335e-18,candidate for direct regulation
W07A12.5,WBGene00000654,col-78,5.23289129322029,1.61826223697368e-18,candidate for direct regulation
F35F10.5,WBGene00018055,F35F10.5,-4.818632904270969,2.2245543083302497e-18,candidate for indirect regulation
F52E4.1a.2,WBGene00018701,pccb-1,1.35239810574885,4.15564059634958e-18,candidate for direct regulation
K04F10.1,WBGene00019394,K04F10.1,1.23836433810146,5.68174282836913e-18,candidate for direct regulation
W07A12.4,WBGene00012322,W07A12.4,2.53236662474685,1.44282253726528e-17,candidate for direct regulation
ZK1320.9,WBGene00014258,ZK1320.9,-0.648119598592627,4.67642775118825e-17,candidate for indirect regulation
W04G3.1b.2,WBGene00012255,lpr-6,6.56822986958753,4.99360387278744e-17,candidate for direct regulation
T09H2.1,WBGene00020386,cyp-34A4,-3.1999421219209503,7.436239063772069e-17,candidate for indirect regulation
ZK970.7,WBGene00014173,ZK970.7,3.2968761146084904,8.114246644031079e-17,candidate for direct regulation
Y95B8A.2,WBGene00022383,Y95B8A.2,3.2101622885866297,2.2192670554731e-16,candidate for direct regulation
C44C1.5a.1,WBGene00016644,abhd-3.2,-1.32993308767192,3.73560676881553e-16,candidate for indirect regulation
ZK228.3,WBGene00013946,ZK228.3,-1.74063199237349,4.1086876318112404e-16,candidate for indirect regulation
C17H12.8,WBGene00015933,C17H12.8,1.4246211724512499,4.776620230558009e-16,candidate for direct regulation
C32H11.12,WBGene00007875,dod-24,2.62083496297136,6.40086164654041e-16,candidate for direct regulation
T24B8.5,WBGene00011979,T24B8.5,3.05933780471042,6.94511044915508e-16,candidate for direct regulation
F13D12.2,WBGene00002262,ldh-1,0.593043312456357,1.2727893293015402e-15,candidate for direct regulation
W05G11.6c,WBGene00021043,pck-1,2.77224256487605,1.44354904197941e-15,candidate for direct regulation
C55B7.4a,WBGene00016943,acdh-1,-1.1307938969946498,1.4573257058649303e-15,candidate for indirect regulation
Y43C5A.3,WBGene00012783,Y43C5A.3,0.8866550464600781,1.45841259313706e-15,candidate for direct regulation
C07B5.5,WBGene00003828,nuc-1,-0.899139615523386,2.66381707405562e-15,candidate for indirect regulation
F35C5.9,WBGene00009397,clec-66,1.84692523283596,7.13401790072897e-15,candidate for direct regulation
R03G8.6,WBGene00011000,R03G8.6,1.48648441757187,7.23029462688878e-15,candidate for direct regulation
C30G12.2,WBGene00016274,C30G12.2,-2.31784409702799,7.646825851386378e-15,candidate for indirect regulation
C25E10.9a,WBGene00023417,swm-1,1.13499587770317,8.004796437731651e-15,candidate for direct regulation
C43H6.1,WBGene00016614,trpp-12,-0.853453672215167,2.21813326934648e-14,candidate for indirect regulation
F38A3.2,WBGene00004300,ram-2,2.9766201055173998,2.7408582527730802e-14,candidate for direct regulation
B0222.3,WBGene00015055,pitr-3,2.2765508546206603,3.7881163999811895e-14,candidate for direct regulation
C09E8.3,WBGene00015646,mlt-10,2.8175009598105603,4.0776900080152396e-14,candidate for direct regulation
K10C2.1,WBGene00019617,K10C2.1,0.9230109843612472,5.34645755201876e-14,candidate for direct regulation
C12C8.2a,WBGene00007533,cbl-1,-0.8286742883667259,5.472019462363939e-14,candidate for indirect regulation
F38B2.4a,WBGene00009531,F38B2.4,0.767157017820403,5.760837137939349e-14,candidate for direct regulation
F25E2.2a,WBGene00017780,F25E2.2,-0.870100059504022,6.44749760988242e-14,candidate for indirect regulation
T01B10.1,WBGene00001693,grd-4,-1.6473860715313602,1.3923184467053e-13,candidate for indirect regulation
T05A10.3,WBGene00011460,ttr-14,2.12431258958006,1.5354461515439902e-13,candidate for direct regulation
C14F11.4a,WBGene00015780,C14F11.4,1.6947388472258702,2.9341661595215194e-13,candidate for direct regulation
K08C7.5,WBGene00001477,fmo-2,3.74495862487541,4.28668507548253e-13,candidate for direct regulation
Y41D4B.17,WBGene00021519,Y41D4B.17,2.28400179583502,4.642499084299461e-13,candidate for direct regulation
C34C12.7,WBGene00007926,C34C12.7,1.43209735854642,6.40769975714454e-13,candidate for direct regulation
Y46G5A.10,WBGene00012901,cnp-2,2.1957021438952897,8.51315186303532e-13,candidate for direct regulation
W09G12.9,WBGene00021123,W09G12.9,-1.35199299917602,1.17345642659737e-12,candidate for indirect regulation
C25E10.9b.1,WBGene00023417,swm-1,1.69220146265679,1.17381678504915e-12,candidate for direct regulation
T28H10.2,WBGene00012143,T28H10.2,1.20497207278237,1.44750860183157e-12,candidate for direct regulation
T22C8.6,WBGene00011927,T22C8.6,1.55753391279747,1.55867109558352e-12,candidate for direct regulation
ZC443.5,WBGene00013900,ugt-18,4.28210531073672,1.72322477749207e-12,candidate for direct regulation
C34H4.3a,WBGene00044073,tag-244,1.00173924264967,1.7289580680321e-12,candidate for direct regulation
T27A10.3a,WBGene00000515,ckc-1,-1.04743906937932,2.1112557136978698e-12,candidate for indirect regulation
R173.1,WBGene00000283,cah-5,-0.879326971583828,2.23077533357103e-12,candidate for indirect regulation
Y82E9BL.10,WBGene00022326,fbxa-14,1.3576374264917201,2.3943108376148103e-12,candidate for direct regulation
B0222.6,WBGene00000717,col-144,2.61571835406587,2.9548647925855e-12,candidate for direct regulation
T22B7.7,WBGene00020674,T22B7.7,-2.13550894581176,4.32073979965846e-12,candidate for indirect regulation
F18G5.2,WBGene00003981,pes-8,2.54400257187322,4.4032253269775996e-12,candidate for direct regulation
ZK666.6,WBGene00014046,clec-60,4.34118554411573,5.912893511731151e-12,candidate for direct regulation
K07A1.6,WBGene00010613,K07A1.6,0.9440466792235899,6.10820405573422e-12,candidate for direct regulation
B0222.9,WBGene00015057,gad-3,-1.0971606543382,7.13730880291145e-12,candidate for indirect regulation
F32B5.8a,WBGene00000788,cpz-1,-0.611806735108155,9.03428133899518e-12,candidate for indirect regulation
Y49E10.29,WBGene00045239,Y49E10.29,1.03755893003018,9.45715887869306e-12,candidate for direct regulation
T02G5.7,WBGene00020166,T02G5.7,-0.545327979852418,9.903323970135131e-12,candidate for indirect regulation
F08A8.2,WBGene00008565,acox-2,-1.6056867529181,1.15296367061125e-11,candidate for indirect regulation
D1086.1,WBGene00008388,D1086.1,-1.19975988495876,1.1613911158926699e-11,candidate for indirect regulation
ZC190.4,WBGene00022538,ZC190.4,1.16421493392485,1.31603729592308e-11,candidate for direct regulation
Y119D3B.18,WBGene00022494,fbxa-91,1.94243050276955,2.09014018387071e-11,candidate for direct regulation
F55E10.6,WBGene00018885,drd-5,-0.560539320652625,2.1261523292344e-11,candidate for indirect regulation
C10C5.5,WBGene00007509,C10C5.5,2.4064241785751603,2.2040149485181897e-11,candidate for direct regulation
C34H4.2,WBGene00016425,C34H4.2,1.63421808908775,2.55048893695592e-11,candidate for direct regulation
Y45G12C.2,WBGene00001758,gst-10,-1.2003073817929,2.62652564069659e-11,candidate for indirect regulation
Y19D10B.7,WBGene00021236,pud-1.2,-3.0080550086400897,2.81934167296272e-11,candidate for indirect regulation
K09F5.2,WBGene00006925,vit-1,-1.24863866095399,3.03533192669191e-11,candidate for indirect regulation
T06A4.3a,WBGene00020283,T06A4.3,1.82324438834611,3.5580786016934296e-11,candidate for direct regulation
Y66D12A.9,WBGene00013435,Y66D12A.9,-0.594248959395979,7.387731623428641e-11,candidate for indirect regulation
T05E7.1,WBGene00020258,T05E7.1,-1.3460232354113502,8.374439098892791e-11,candidate for indirect regulation
F09E10.3,WBGene00000988,dhs-25,-1.2751310392875,8.421206344106892e-11,candidate for indirect regulation
F53F8.4,WBGene00010001,F53F8.4,1.4378223367127703,1.22574600475168e-10,candidate for direct regulation
T27E4.7,WBGene00020865,T27E4.7,1.56770377004015,1.36397397641446e-10,candidate for direct regulation
W05B2.1,WBGene00000669,col-94,1.1865691504458702,1.37891048724477e-10,candidate for direct regulation
E01A2.10,WBGene00077701,poml-3,-0.8487415627983409,1.54953828540688e-10,candidate for indirect regulation
F38A5.3a,WBGene00002274,lec-11,0.794993572101102,1.99955154311932e-10,candidate for direct regulation
T19H12.9,WBGene00020592,ugt-12,-1.15727563488869,2.2406772049353999e-10,candidate for indirect regulation
F15E11.12a,WBGene00017498,pud-4,-5.7628498569770095,2.31806368657733e-10,candidate for indirect regulation
F23A7.4.2,WBGene00009069,F23A7.4,-0.795282414698772,3.5685213297168e-10,candidate for indirect regulation
F15E11.1,WBGene00017490,pud-2.1,-2.8999734660245604,4.1780244384159304e-10,candidate for indirect regulation
F15E11.14,WBGene00017500,pud-2.2,-2.8999734660245604,4.1780244384159304e-10,candidate for indirect regulation
C10C5.3,WBGene00007507,C10C5.3,1.5649952986553202,4.18946532692726e-10,candidate for direct regulation
Y25C1A.14,WBGene00194985,Y25C1A.14,1.31699415598752,4.5625012227100097e-10,candidate for direct regulation
T10H4.12,WBGene00000783,cpr-3,1.3478126587240702,7.648108787932589e-10,candidate for direct regulation
F02H6.5c,WBGene00008538,sqrd-1,6.10218823816422,1.38562140350789e-09,candidate for direct regulation
T06E4.4,WBGene00000720,col-147,2.1501257036922903,1.7078438803757802e-09,candidate for direct regulation
D1086.3,WBGene00008390,D1086.3,-2.03288505618589,1.7078438803757802e-09,candidate for indirect regulation
Y41C4A.16,WBGene00000670,col-95,-1.45769245087085,2.0772381696038397e-09,candidate for indirect regulation
M02F4.8.2,WBGene00000175,aqp-7,-0.940400106805413,2.1282411807471202e-09,candidate for indirect regulation
T24B8.4a,WBGene00011978,T24B8.4,0.6773634092821661,2.4080360414233103e-09,candidate for direct regulation
K05B2.3,WBGene00002052,ifa-4,0.7997297537019609,2.48147712307809e-09,candidate for direct regulation
F58B6.2,WBGene00019030,exc-6,1.3266999120063,2.51650029190509e-09,candidate for direct regulation
Y37A1B.5b,WBGene00012538,Y37A1B.5,2.4655647185925798,2.7174304417731502e-09,candidate for direct regulation
F21F8.3.2,WBGene00000218,asp-5,1.83607045135693,3.0326474834424393e-09,candidate for direct regulation
F23A7.4.1,WBGene00009069,F23A7.4,-0.771246518159803,3.96927193383075e-09,candidate for indirect regulation
F22H10.6,WBGene00017730,F22H10.6,-1.06328868499367,5.20515839526314e-09,candidate for indirect regulation
T10B5.8,WBGene00020394,T10B5.8,-1.21548688087703,5.578999366209471e-09,candidate for indirect regulation
F58B3.1,WBGene00003093,lys-4,1.6879706660944,5.679264573573051e-09,candidate for direct regulation
F53A9.6,WBGene00018729,F53A9.6,1.3455778366143998,6.839979747062179e-09,candidate for direct regulation
C04C3.5b,WBGene00001119,dyf-3,5.50345576585046,7.07202753160836e-09,candidate for direct regulation
Y37H2A.13,WBGene00045417,Y37H2A.13,3.4690845674901496,8.52874340423062e-09,candidate for direct regulation
F11G11.2,WBGene00001755,gst-7,0.44107411560539095,8.782971642621529e-09,candidate for direct regulation
C09G5.4,WBGene00000616,col-39,3.0481188610414303,1.30964741479091e-08,candidate for direct regulation
Y9C9A.8,WBGene00021178,Y9C9A.8,2.07130064657552,1.3742919758906799e-08,candidate for direct regulation
F01G10.3a,WBGene00001158,ech-9,4.26419257486209,1.5951973252707698e-08,candidate for direct regulation
F01G10.3b,WBGene00001158,ech-9,4.26419257486209,1.5951973252707698e-08,candidate for direct regulation
T07H3.1,WBGene00006464,bath-47,2.5580176515274,1.6146822632130602e-08,candidate for direct regulation
ZK669.4,WBGene00014054,ZK669.4,-0.43688278877538106,1.77826293032776e-08,candidate for indirect regulation
Y47G6A.33,WBGene00045399,Y47G6A.33,-0.7958969424305921,2.02747649841839e-08,candidate for indirect regulation
Y45F10C.4,WBGene00012880,Y45F10C.4,0.926032169969175,2.04527201917584e-08,candidate for direct regulation
Y46C8AL.3,WBGene00021581,clec-70,3.67255327249344,2.19341180149995e-08,candidate for direct regulation
C44B11.6,WBGene00016635,C44B11.6,-0.73608720007368,3.6744166403794504e-08,candidate for indirect regulation
C51E3.9a,WBGene00008254,C51E3.9,0.837497850107747,3.9978352386868e-08,candidate for direct regulation
ZK265.9,WBGene00044094,fitm-2,-0.52499622898289,5.59497693064999e-08,candidate for indirect regulation
M05D6.7,WBGene00001523,gbh-2,1.2584248630549801,6.65897751989509e-08,candidate for direct regulation
C03G6.15,WBGene00015400,cyp-35A2,-1.01195437342315,7.736716036558959e-08,candidate for indirect regulation
Y69H2.9,WBGene00013484,Y69H2.9,-1.15556407128035,8.0377596053845e-08,candidate for indirect regulation
B0294.1,WBGene00015117,B0294.1,2.18398185237928,9.23715767470552e-08,candidate for direct regulation
C44F1.3,WBGene00002267,lec-4,-0.43927321023111,1.0995022927971099e-07,candidate for indirect regulation
F54D1.6,WBGene00010047,F54D1.6,0.75506187185503,1.1520898266940598e-07,candidate for direct regulation
C49C3.1,WBGene00004908,snf-9,0.9940539867057628,1.41485187254897e-07,candidate for direct regulation
F22B5.4.2,WBGene00009042,F22B5.4,5.865995001700469,1.5345063438341202e-07,candidate for direct regulation
E04D5.3,WBGene00008482,cut-4,1.31162300344207,1.54837301399204e-07,candidate for direct regulation
D1086.18,WBGene00045405,D1086.18,1.63937251570903,1.63956618694063e-07,candidate for direct regulation
ZK899.2,WBGene00014141,ZK899.2,-0.6434689425963,1.9273162544200302e-07,candidate for indirect regulation
C43C3.3,WBGene00001123,dyf-7,1.1961881804845,2.10738335613445e-07,candidate for direct regulation
Y71F9AM.6,WBGene00022122,trap-1,-0.50936180746017,2.36016587099472e-07,candidate for indirect regulation
F42A10.9,WBGene00023489,F42A10.9,-1.19145831786905,2.44451226862368e-07,candidate for indirect regulation
Y51H7BM.1,WBGene00021772,math-45,2.12826974519229,2.5359694278603103e-07,candidate for direct regulation
K09C4.1a,WBGene00019547,K09C4.1,-1.23993713910891,2.89958750638455e-07,candidate for indirect regulation
F20H11.3,WBGene00003162,mdh-2,-0.394236662572337,3.39585572735507e-07,candidate for indirect regulation
ZK863.8,WBGene00014125,ZK863.8,0.969928600312315,4.18419481360331e-07,candidate for direct regulation
Y39E4A.3a,WBGene00012713,Y39E4A.3,-0.418709293998698,4.1844248626818397e-07,candidate for indirect regulation
Y102A11A.5,WBGene00022415,Y102A11A.5,3.5235088952745497,4.83215722944804e-07,candidate for direct regulation
C03E10.5,WBGene00007282,clec-223,1.13579987273432,4.965805298675809e-07,candidate for direct regulation
F35E12.7d,WBGene00009431,dct-17,4.30271946587317,5.10095229633212e-07,candidate for direct regulation
H13N06.4a,WBGene00010397,suox-1,-0.605215563124852,5.347923234861e-07,candidate for indirect regulation
Y54E5B.1a,WBGene00004889,smp-1,0.514637955293059,5.38167235690924e-07,candidate for direct regulation
Y66H1A.5,WBGene00022047,Y66H1A.5,0.516745037579915,5.581033472723079e-07,candidate for direct regulation
Y38F2AR.2,WBGene00021420,trap-3,-0.46433171711882504,5.81006712475718e-07,candidate for indirect regulation
ZK742.3,WBGene00022813,ZK742.3,-1.04779296389398,7.56338033780525e-07,candidate for indirect regulation
F25H5.8,WBGene00009130,F25H5.8,0.7736771821838442,8.141475845246079e-07,candidate for direct regulation
C03G5.1,WBGene00015391,sdha-1,0.382120487259761,8.91860639775824e-07,candidate for direct regulation
W02H5.8,WBGene00020962,W02H5.8,-0.810972456143585,9.23271028676288e-07,candidate for indirect regulation
F09C8.1,WBGene00008621,F09C8.1,-1.7178827813779198,9.438254217456759e-07,candidate for indirect regulation
B0213.3,WBGene00003766,nlp-28,1.11374826406543,9.888745784023011e-07,candidate for direct regulation
C05G5.4,WBGene00007350,sucl-1,-0.391942601951621,9.94120716721217e-07,candidate for indirect regulation
Y38F1A.6.1,WBGene00012608,Y38F1A.6,-0.6866370468179621,1.0787367346965999e-06,candidate for indirect regulation
T03E6.7a,WBGene00000776,cpl-1,-0.610071991307656,1.11395320548676e-06,candidate for indirect regulation
R05F9.10,WBGene00019893,sgt-1,-0.375895821368219,1.13208225906202e-06,candidate for indirect regulation
R11H6.4a,WBGene00011252,R11H6.4,0.947277475541787,1.26775244996407e-06,candidate for direct regulation
D2096.8,WBGene00017075,nap-1,-0.40377279646492104,1.28149314921648e-06,candidate for indirect regulation
T04F8.7a,WBGene00011445,T04F8.7,1.07400163191057,1.4025684792817e-06,candidate for direct regulation
Y105C5B.15b,WBGene00013654,Y105C5B.15,-0.7553606053820859,1.41449544891756e-06,candidate for indirect regulation
T25C12.3,WBGene00012018,T25C12.3,0.52036819383635,1.53278310173086e-06,candidate for direct regulation
W05G11.6a.2,WBGene00021043,pck-1,3.8105951524051203,1.58028620475751e-06,candidate for direct regulation
K09H9.8,WBGene00045387,K09H9.8,1.07053835740998,1.88125719285537e-06,candidate for direct regulation
B0457.2,WBGene00007178,B0457.2,0.6132123249838729,1.9187877921494203e-06,candidate for direct regulation
M03F4.7a,WBGene00019760,calu-1,-0.683407845970513,2.14542211397659e-06,candidate for indirect regulation
W05B2.6,WBGene00000667,col-92,1.6026535221945302,2.15068797928494e-06,candidate for direct regulation
H23N18.3,WBGene00019234,ugt-8,-1.5449272767916202,2.17446089931525e-06,candidate for indirect regulation
C36E6.8.1,WBGene00044683,C36E6.8,2.28944237439053,2.2107603028786597e-06,candidate for direct regulation
F15E11.12b,WBGene00017498,pud-4,-4.7577786898335805,2.2350428588354803e-06,candidate for indirect regulation
Y53F4B.31,WBGene00001776,gst-28,-0.8900777634131479,2.57980140972931e-06,candidate for indirect regulation
F02A9.4a,WBGene00008514,F02A9.4,-0.36134007196640605,2.72027948821003e-06,candidate for indirect regulation
Y119C1B.5,WBGene00022471,Y119C1B.5,-0.617236598172581,3.15975571715638e-06,candidate for indirect regulation
F02H6.5f,WBGene00008538,sqrd-1,4.785686343829849,3.37188550004108e-06,candidate for direct regulation
F59D8.2,WBGene00006928,vit-4,-0.972334111810479,3.5784774365584e-06,candidate for indirect regulation
C44B12.1,WBGene00016636,perm-2,-0.462569000047178,3.6001105097339997e-06,candidate for indirect regulation
W04G3.6d,WBGene00012259,sulp-7,0.7159209578864529,3.64379513337218e-06,candidate for direct regulation
F14B8.3,WBGene00003987,pes-23,0.9345250506781371,3.7465931893676695e-06,candidate for direct regulation
Y105C5A.25,WBGene00013644,Y105C5A.25,-1.0357184536839101,4.31160146393628e-06,candidate for indirect regulation
C46F2.1,WBGene00016714,C46F2.1,-0.963380579075991,4.880633761985489e-06,candidate for indirect regulation
T10B5.5a,WBGene00020391,cct-7,-0.355115049999952,4.885216854333339e-06,candidate for indirect regulation
C12D12.1b,WBGene00015713,C12D12.1,0.588266097180713,4.885216854333339e-06,candidate for direct regulation
F59D8.1,WBGene00006927,vit-3,-0.982651919713783,4.885216854333339e-06,candidate for indirect regulation
F19C7.7,WBGene00000684,col-110,2.21465928833568,5.4000663503997e-06,candidate for direct regulation
C10A4.9b,WBGene00045456,C10A4.9,3.3232307612094703,5.43776242736368e-06,candidate for direct regulation
R12C12.5,WBGene00020025,R12C12.5,0.487655112657676,5.76671167040088e-06,candidate for direct regulation
F21A3.11,WBGene00219316,F21A3.11,0.9779265809522858,5.82335732369067e-06,candidate for direct regulation
C18E9.6,WBGene00007686,tomm-40,-0.35518101121803297,5.93617160056521e-06,candidate for indirect regulation
M02H5.1,WBGene00003689,nhr-99,1.2614166069593302,5.940086884269181e-06,candidate for direct regulation
R07B1.3,WBGene00011076,scav-5,0.831584454319852,6.3244276650374e-06,candidate for direct regulation
Y55B1AR.1.1,WBGene00002269,lec-6,-0.397246626150007,6.457783758074961e-06,candidate for indirect regulation
T04A8.5,WBGene00011407,ppat-1,-0.750995856145282,7.98516308768544e-06,candidate for indirect regulation
R151.9,WBGene00020112,pfd-5,-0.4307595503387321,8.901506020945689e-06,candidate for indirect regulation
F57B1.3,WBGene00000732,col-159,1.05830695118708,9.01609838448219e-06,candidate for direct regulation
Y46C8AL.5,WBGene00021583,clec-72,2.2275275782537403,9.20782920730081e-06,candidate for direct regulation
D1009.1a,WBGene00017012,acs-22,-0.5619428338675749,9.480886524170779e-06,candidate for indirect regulation
T10B11.1,WBGene00020397,pcbd-1,-0.52625680347659,9.67395179873251e-06,candidate for indirect regulation
F28F5.3a,WBGene00017904,lim-8,1.1374115449561002,1.1407424281969e-05,candidate for direct regulation
H12D21.7c,WBGene00010383,mpst-3,5.99520606390706,1.1712674441008901e-05,candidate for direct regulation
W07A12.8,WBGene00012325,W07A12.8,-1.19856120490546,1.48821522315121e-05,candidate for indirect regulation
H12D21.4,WBGene00010380,mpst-2,3.51887747095173,1.5049128055575e-05,candidate for direct regulation
F19C6.5,WBGene00008954,F19C6.5,-1.02032483010206,1.56792220927529e-05,candidate for indirect regulation
F37B1.8,WBGene00001767,gst-19,4.53763161468268,1.5760062097757097e-05,candidate for direct regulation
C06G8.2,WBGene00003876,pept-2,0.6995657097372149,1.5760062097757097e-05,candidate for direct regulation
D1053.1,WBGene00001790,gst-42,-0.701220962006919,1.66795682257163e-05,candidate for indirect regulation
C09D4.5.3,WBGene00004431,rpl-19,-0.7405353088204509,2.38640360575607e-05,candidate for indirect regulation
K10B3.9.2,WBGene00003124,mai-1,0.8636869392805941,2.47446342909409e-05,candidate for direct regulation
F02H6.4c,WBGene00008537,F02H6.4,4.07795882565441,2.64619713779707e-05,candidate for direct regulation
R12E2.11,WBGene00020036,R12E2.11,-0.38571446360089795,3.05982718447648e-05,candidate for indirect regulation
C04G6.1b,WBGene00003402,mpk-2,2.63267906448085,3.06253677514395e-05,candidate for direct regulation
C25D7.5,WBGene00007717,C25D7.5,1.5966451557149801,3.15688962230201e-05,candidate for direct regulation
D1086.10c,WBGene00044080,D1086.10,0.9524948616270369,3.35348481319213e-05,candidate for direct regulation
K10H10.2.2,WBGene00010759,cysl-2,4.85959733255937,3.35421163776808e-05,candidate for direct regulation
T11B7.3a,WBGene00000692,col-118,0.7010059526324088,3.64349739102824e-05,candidate for direct regulation
Y37A1B.5c,WBGene00012538,Y37A1B.5,3.87439772640911,4.22940386574111e-05,candidate for direct regulation
F26F12.3b,WBGene00017834,F26F12.3,-0.697136455975749,5.15775855793397e-05,candidate for indirect regulation
W06D12.3,WBGene00001397,fat-5,-1.95498311134229,5.27498867911508e-05,candidate for indirect regulation
F22A3.2,WBGene00017688,ttr-35,-0.7344216506155858,5.79676669473468e-05,candidate for indirect regulation
F49E12.8,WBGene00009901,F49E12.8,2.1774978854055904,5.8252472956506394e-05,candidate for direct regulation
C44E4.4,WBGene00016653,C44E4.4,-0.318003491564437,5.89748082067917e-05,candidate for indirect regulation
E03G2.3,WBGene00003169,mec-5,-0.608402096758363,6.63168103619829e-05,candidate for indirect regulation
K07C5.4,WBGene00010627,K07C5.4,-0.32513198256198605,7.79408703934926e-05,candidate for indirect regulation
F58G6.7,WBGene00010277,F58G6.7,-0.8020925934109008,8.10083546389236e-05,candidate for indirect regulation
Y67A6A.2a,WBGene00003652,nhr-62,5.0646844849712,8.26047775357267e-05,candidate for direct regulation
T05C12.7,WBGene00000377,cct-1,-0.313360036658065,9.186630546187829e-05,candidate for indirect regulation
K02D7.5,WBGene00019300,swt-1,1.01573764142981,0.000108067096845098,candidate for direct regulation
T12B5.14,WBGene00050913,T12B5.14,1.01784153247393,0.00010861116441147099,candidate for direct regulation
Y62E10A.13c,WBGene00013379,Y62E10A.13,4.0884062442954905,0.00012184434200292299,candidate for direct regulation
ZK154.1,WBGene00022665,ZK154.1,2.82848974686032,0.00012184434200292299,candidate for direct regulation
C26B9.5,WBGene00016134,C26B9.5,0.444502775306162,0.000143049984082209,candidate for direct regulation
Y105E8A.16.1,WBGene00004489,rps-20,-0.338894437672138,0.000147423891557124,candidate for indirect regulation
R102.11a,WBGene00077714,R102.11,2.2187188796174904,0.000153026179945556,candidate for direct regulation
F55G1.15,WBGene00018907,F55G1.15,0.753771520837063,0.000156140208245455,candidate for direct regulation
K10B2.3a,WBGene00019606,clec-88,0.34335526917673104,0.00015917226065818702,candidate for direct regulation
Y37E3.9,WBGene00004014,phb-1,-0.30212782693987605,0.000168200394098078,candidate for indirect regulation
F31E9.3,WBGene00009296,F31E9.3,1.0817710867030301,0.000169289787303459,candidate for direct regulation
F45E1.4,WBGene00018465,F45E1.4,-0.8923114430301509,0.000181606180376163,candidate for indirect regulation
Y11D7A.10d,WBGene00012434,Y11D7A.10,3.9453988317661,0.00019586466006978702,candidate for direct regulation
F54C9.2,WBGene00006059,stc-1,-0.35910196603914796,0.000211778484966455,candidate for indirect regulation
F32B6.2,WBGene00009319,mccc-1,-0.29845722982971995,0.000223447502555853,candidate for indirect regulation
K02E11.5,WBGene00010514,K02E11.5,1.1348588170738,0.000229183205545835,candidate for direct regulation
F54F3.1c,WBGene00003738,nid-1,-0.511216152415385,0.00023211700158349503,candidate for indirect regulation
ZK1321.3,WBGene00000178,aqp-10,-0.37574196696631296,0.00023650132554944,candidate for indirect regulation
T03F6.5,WBGene00003047,lis-1,-0.351525725543785,0.000246669654495077,candidate for indirect regulation
F01F1.6.1,WBGene00000115,alh-9,-0.65328254948286,0.000253076690129865,candidate for indirect regulation
F08F3.2a,WBGene00017261,acl-6,0.6559442609890921,0.000256395299450447,candidate for direct regulation
T02B5.3,WBGene00011364,T02B5.3,-1.2757951218112,0.000282160081912115,candidate for indirect regulation
T19B4.3,WBGene00020557,T19B4.3,-0.40424777166567893,0.000307230736193464,candidate for indirect regulation
D2013.7,WBGene00001229,eif-3.F,-0.294440963482408,0.000342823218192127,candidate for indirect regulation
F53F1.2,WBGene00009980,F53F1.2,-0.34697628378885903,0.000373142148865428,candidate for indirect regulation
F35C12.3c,WBGene00009408,F35C12.3,3.1048531774202504,0.000437396595708686,candidate for direct regulation
Y69H2.3c,WBGene00013481,Y69H2.3,0.570193084841509,0.000443853563115249,candidate for direct regulation
C25B8.3a,WBGene00000786,cpr-6,-0.397087243120986,0.00044981146602335,candidate for indirect regulation
Y54E5A.5,WBGene00013200,Y54E5A.5,-0.387496175519766,0.00046048339496609697,candidate for indirect regulation
F08F8.5,WBGene00017270,numr-1,2.44784965497548,0.00047278287565348894,candidate for direct regulation
T05C3.5,WBGene00001037,dnj-19,-0.347663630795104,0.000475109528517281,candidate for indirect regulation
M79.2,WBGene00010902,M79.2,-0.615847839878094,0.0005061054568775969,candidate for indirect regulation
C03D6.1,WBGene00007275,C03D6.1,1.47083161765369,0.0005662572505040639,candidate for direct regulation
T20F5.2,WBGene00003950,pbs-4,-0.290909834750451,0.000567241929170073,candidate for indirect regulation
F44F4.11,WBGene00006530,tba-4,-0.574963978195011,0.000593910886174947,candidate for indirect regulation
Y76A2B.3,WBGene00013575,acs-5,-0.400042323639419,0.0006329895383740661,candidate for indirect regulation
R10E9.1,WBGene00003423,msi-1,-0.362576639990224,0.000637063172036285,candidate for indirect regulation
Y48A6B.3,WBGene00012964,Y48A6B.3,-0.292345369211221,0.000643081116969325,candidate for indirect regulation
F02A9.2a,WBGene00001385,far-1,-0.307167517920035,0.0006716846454024389,candidate for indirect regulation
K02F3.9,WBGene00019332,K02F3.9,-0.363623995066357,0.000681571602908634,candidate for indirect regulation
M163.1,WBGene00010935,M163.1,0.608076599603911,0.000703351142199582,candidate for direct regulation
F33D11.11.1,WBGene00018008,vpr-1,-0.29774474295017606,0.000718281948879915,candidate for indirect regulation
W02D7.6,WBGene00020942,W02D7.6,0.32621742666844106,0.0007370522226416929,candidate for direct regulation
T25B9.7.2,WBGene00012013,ugt-54,3.51896497941012,0.000750732009492038,candidate for direct regulation
F59F4.2,WBGene00010337,F59F4.2,-0.330496968804298,0.000791788048171949,candidate for indirect regulation
F32A7.6,WBGene00000088,aex-5,0.36938735824573704,0.000838704805075488,candidate for direct regulation
K03A1.6,WBGene00001912,his-38,-0.979407061373529,0.0008577934823398451,candidate for indirect regulation
C23H3.9b,WBGene00016022,C23H3.9,3.8691887454450096,0.000861635705390957,candidate for direct regulation
Y39G10AR.8,WBGene00021466,Y39G10AR.8,-0.273800063370162,0.0008920159706521571,candidate for indirect regulation
Y39A1A.24,WBGene00012660,Y39A1A.24,-0.335334228167435,0.000897288435559818,candidate for indirect regulation
K02B2.4a,WBGene00002129,inx-7,0.402457147593423,0.0009127603090176381,candidate for direct regulation
F22B5.9,WBGene00001498,fars-3,-0.274748361744945,0.0009471201067025539,candidate for indirect regulation
B0228.4d,WBGene00015061,cpna-2,-0.49402912396735704,0.0009797047359329971,candidate for indirect regulation
Y49E10.1,WBGene00004506,rpt-6,-0.278515930875962,0.00106696954775263,candidate for indirect regulation
C12D8.16,WBGene00007543,fipr-7,1.1083620167130201,0.0010985626833068698,candidate for direct regulation
W06A7.4b,WBGene00012293,W06A7.4,-0.680066229828094,0.00115566962858512,candidate for indirect regulation
T19D12.1,WBGene00020576,T19D12.1,0.628743031182865,0.0011595093783151802,candidate for direct regulation
F26G1.11,WBGene00045455,F26G1.11,1.3647920191146299,0.00120809190854132,candidate for direct regulation
D2089.5,WBGene00001522,gbh-1,0.41293390866319,0.00137576251309285,candidate for direct regulation
Y62E10A.13h,WBGene00013379,Y62E10A.13,4.677549436117481,0.00146922703875285,candidate for direct regulation
F40F4.5,WBGene00006535,tba-9,0.8555431434922719,0.0015128789140578301,candidate for direct regulation
JC8.16,WBGene00194915,JC8.16,1.6430472495590902,0.0015128789140578301,candidate for direct regulation
F40G9.3,WBGene00006715,ubc-20,-0.30686498987377697,0.00158741593948495,candidate for indirect regulation
F35H8.6,WBGene00009450,ugt-58,-0.355813766011714,0.00165183106517391,candidate for indirect regulation
K10B3.8.2,WBGene00001684,gpd-2,0.705544520963799,0.00167827943580551,candidate for direct regulation
W10D9.5,WBGene00021133,tomm-22,-0.38322351258714293,0.00192744507458606,candidate for indirect regulation
B0286.3,WBGene00015116,B0286.3,-0.506401823986797,0.00194285451640346,candidate for indirect regulation
Y37E3.10a,WBGene00021351,Y37E3.10,-0.30414717480480297,0.00206455098989702,candidate for indirect regulation
C38C3.5a.1,WBGene00006794,unc-60,-0.345048028064745,0.0022568668377864,candidate for indirect regulation
F25B5.2a.1,WBGene00017774,nop-1,0.537460982019642,0.00236904031416706,candidate for direct regulation
C54G4.8,WBGene00000869,cyc-1,-0.264017443020948,0.0024926252759795,candidate for indirect regulation
F52H3.7a.2,WBGene00002265,lec-2,0.616204873239199,0.00265289342153151,candidate for direct regulation
F22A3.7,WBGene00044605,ttr-36,-0.647699763918351,0.00275291973973488,candidate for indirect regulation
F29F11.6a,WBGene00001747,gsp-1,-0.259408097867706,0.0027708089213012,candidate for indirect regulation
F29F11.6b,WBGene00001747,gsp-1,-0.259408097867706,0.0027708089213012,candidate for indirect regulation
F17H10.2a,WBGene00008926,F17H10.2,2.51725500058863,0.00279041424072273,candidate for direct regulation
F38E9.5.1,WBGene00018187,F38E9.5,0.574424504139225,0.0028051193986595104,candidate for direct regulation
K10C3.6e.1,WBGene00003639,nhr-49,4.74416027431566,0.00281218501604017,candidate for direct regulation
K10C3.6b.2,WBGene00003639,nhr-49,4.74416027431566,0.00281218501604017,candidate for direct regulation
K08E4.2a,WBGene00010666,K08E4.2,0.48702971868188394,0.00282818982692069,candidate for direct regulation
R05D11.3,WBGene00004305,ran-4,-0.291605254790568,0.00291539191100369,candidate for indirect regulation
C18A3.3,WBGene00015941,C18A3.3,-0.273146938655685,0.00292756437135939,candidate for indirect regulation
B0272.3,WBGene00007129,B0272.3,-0.321377095285177,0.00297676596051485,candidate for indirect regulation
VC5.5,WBGene00003725,nhr-135,0.670933563571632,0.00301393932868794,candidate for direct regulation
F22F4.4b,WBGene00017717,F22F4.4,0.7491399704270122,0.00313011897150803,candidate for direct regulation
H23N18.6,WBGene00044534,H23N18.6,2.3290876098927997,0.00313148248424955,candidate for direct regulation
D1086.10a,WBGene00044080,D1086.10,0.74696700182302,0.00320720635962536,candidate for direct regulation
F36H9.3,WBGene00000976,dhs-13,-0.386009251452418,0.00328555658652107,candidate for indirect regulation
K08D8.4e,WBGene00010658,K08D8.4,5.00034686002451,0.00334866974243352,candidate for direct regulation
C50F7.4,WBGene00016844,sucg-1,-0.266147371702352,0.00363424289763817,candidate for indirect regulation
F12F6.8,WBGene00008723,F12F6.8,1.89738409141356,0.0036426013174564705,candidate for direct regulation
R11A8.5,WBGene00011239,pges-2,-0.276514459000291,0.0038001982960252,candidate for indirect regulation
Y67D8A.3,WBGene00022060,dmd-9,0.541000471011164,0.00380888723847386,candidate for direct regulation
C55B6.2,WBGene00001025,dnj-7,-0.498198709422296,0.0038285114737268,candidate for indirect regulation
W08E3.1,WBGene00004915,snr-2,-0.319822414827218,0.00384309339060801,candidate for indirect regulation
F35E12.9c,WBGene00009433,F35E12.9,4.19391578103677,0.0041359509656803,candidate for direct regulation
F08A8.3,WBGene00008566,acox-3,-0.591953968257955,0.00428484505092715,candidate for indirect regulation
D1086.7,WBGene00008394,D1086.7,0.5432690051604621,0.0046032524027902,candidate for direct regulation
Y53G8AL.2,WBGene00021800,Y53G8AL.2,-0.250796663904888,0.00460977546513404,candidate for indirect regulation
F10E7.5,WBGene00017347,F10E7.5,-0.274182074115374,0.00465773465439912,candidate for indirect regulation
B0205.11,WBGene00015025,mrpl-9,-0.315308299314513,0.00470834527162137,candidate for indirect regulation
T25B2.2b,WBGene00020786,T25B2.2,1.15903346582748,0.00470834527162137,candidate for direct regulation
Y67H2A.8,WBGene00001393,fat-1,-0.244462700932994,0.00493606734050567,candidate for indirect regulation
C30C11.2,WBGene00004460,rpn-3,-0.23986794619701396,0.00503149611830499,candidate for indirect regulation
F09A5.2,WBGene00008599,F09A5.2,0.681708232700927,0.00550687250892754,candidate for direct regulation
T03G11.4,WBGene00020197,mans-3,-0.45997903443560795,0.00550687250892754,candidate for indirect regulation
R08F11.7,WBGene00019970,R08F11.7,1.44074382047654,0.00572732769997427,candidate for direct regulation
C37C3.6a.1,WBGene00003242,mig-6,0.37926330665527597,0.00573897875465529,candidate for direct regulation
F02A9.4b,WBGene00008514,F02A9.4,-0.26429239177038605,0.00573897875465529,candidate for indirect regulation
F40F4.2.2,WBGene00002254,lbp-2,-0.294686764549095,0.005843259136035971,candidate for indirect regulation
T22C8.2,WBGene00011923,chhy-1,0.6314984459874571,0.00584955927073672,candidate for direct regulation
F42G4.3b,WBGene00006999,zyx-1,0.495121935442824,0.00595681937363518,candidate for direct regulation
K07H8.10,WBGene00019510,K07H8.10,-0.26603716112221804,0.0067445805861967205,candidate for indirect regulation
Y116A8C.42,WBGene00004914,snr-1,-0.263952610961934,0.00766934508920698,candidate for indirect regulation
F35C8.5,WBGene00018036,F35C8.5,-0.340377512127636,0.008014606764282691,candidate for indirect regulation
C49C3.9,WBGene00008199,C49C3.9,0.46362517654142604,0.008512066396728541,candidate for direct regulation
T19A6.2b.3,WBGene00003596,ngp-1,-0.41137200747394004,0.00895217277201038,candidate for indirect regulation
C08F1.6,WBGene00015610,C08F1.6,1.42712001016124,0.00900717656414152,candidate for direct regulation
F48E3.8a,WBGene00018607,F48E3.8,2.58759056663448,0.0104189218819983,candidate for direct regulation
F30H5.1,WBGene00006781,unc-45,-0.4134395996578579,0.0108073390285643,candidate for indirect regulation
F15G9.4c,WBGene00001863,him-4,-0.40139884749438504,0.0108788466136339,candidate for indirect regulation
F40F4.2.1,WBGene00002254,lbp-2,-0.23002400986139498,0.0112168913279653,candidate for indirect regulation
M03B6.1,WBGene00010833,M03B6.1,-0.973283141439477,0.0116944750841838,candidate for indirect regulation
K08D8.6a,WBGene00010660,K08D8.6,0.562574736334374,0.0122628084852505,candidate for direct regulation
PAR2.1,WBGene00019800,mtss-1,-0.331482613680542,0.0124831845992282,candidate for indirect regulation
ZK180.4,WBGene00022678,sar-1,-0.22501561304887302,0.0127941359899403,candidate for indirect regulation
C41A3.1,WBGene00016558,C41A3.1,-0.44151170219246094,0.0134706546012456,candidate for indirect regulation
W10D5.2.1,WBGene00012376,nduf-7,-0.23874435809307798,0.0142110875765816,candidate for indirect regulation
F25E2.2b,WBGene00017780,F25E2.2,-0.260542963543179,0.0152069659700711,candidate for indirect regulation
ZC410.3b,WBGene00013881,mans-4,0.5761591013308001,0.0154349223401441,candidate for direct regulation
F57B1.4.2,WBGene00000733,col-160,0.510734456230926,0.0159067261882794,candidate for direct regulation
F31D4.3,WBGene00001431,fkb-6,-0.28958827432427,0.0169985760784413,candidate for indirect regulation
F38A5.22,WBGene00235391,F38A5.22,0.6004891969854279,0.0177589479560419,candidate for direct regulation
Y53C12B.7,WBGene00013146,Y53C12B.7,1.4748792862522,0.0183252816639242,candidate for direct regulation
F47G9.1,WBGene00009829,F47G9.1,-0.241621949644267,0.0192237159956179,candidate for indirect regulation
C09H10.3,WBGene00003831,nuo-1,-0.21113603925748697,0.0196953624789664,candidate for indirect regulation
F56B3.11a,WBGene00018934,F56B3.11,-0.288166459988466,0.0200324293154375,candidate for indirect regulation
C01F1.2,WBGene00015297,sco-1,-0.306731481821899,0.020563258147038004,candidate for indirect regulation
Y55H10A.1,WBGene00021952,vha-19,-0.21467238346471698,0.0206068849857442,candidate for indirect regulation
F52B5.1a,WBGene00009920,abts-1,0.250988256245867,0.0206068849857442,candidate for direct regulation
C15H11.9,WBGene00007617,rrbs-1,-0.24788045978882603,0.0209438817613378,candidate for indirect regulation
R12E2.12,WBGene00020037,mrps-6,-0.364868461288569,0.0209742446548606,candidate for indirect regulation
H20J04.5,WBGene00019220,pfd-2,-0.27064070202237,0.0209920178649695,candidate for indirect regulation
Y40G12A.1,WBGene00006723,ubh-3,-0.274743419962064,0.0211308585741819,candidate for indirect regulation
B0261.4a,WBGene00015092,mrpl-47,-0.3723777561565039,0.0218940205509079,candidate for indirect regulation
B0261.4b,WBGene00015092,mrpl-47,-0.3723777561565039,0.0218940205509079,candidate for indirect regulation
T28F2.4a,WBGene00020902,jmjc-1,0.5913517314936769,0.0224943773740605,candidate for direct regulation
B0564.1a,WBGene00007201,exos-4.1,-0.24292044594314396,0.0225098130576693,candidate for indirect regulation
ZC116.3,WBGene00013855,ZC116.3,0.633541039658629,0.0225321573006012,candidate for direct regulation
H14A12.2b.1,WBGene00001503,fum-1,0.38260265957179906,0.0229522652550585,candidate for direct regulation
W09D10.3,WBGene00012361,mrpl-12,-0.27575695604551503,0.0241307524503638,candidate for indirect regulation
Y57G11C.10c.2,WBGene00001558,gdi-1,-0.27139140587403,0.0245226389415691,candidate for indirect regulation
Y39H10B.2a,WBGene00044527,Y39H10B.2,-0.656059407458467,0.0248563832294628,candidate for indirect regulation
F21D5.7,WBGene00009012,F21D5.7,-0.220187391661845,0.0250307813783605,candidate for indirect regulation
H06I04.3c,WBGene00019168,H06I04.3,0.453555499929765,0.0256198452232261,candidate for direct regulation
F55B11.2.2,WBGene00010084,F55B11.2,2.43992391846952,0.0269901159207284,candidate for direct regulation
F19B6.1c,WBGene00008948,F19B6.1,-0.37968372418870705,0.0285132672990181,candidate for indirect regulation
T10F2.2,WBGene00020422,T10F2.2,-0.23860662257737197,0.0285182898945994,candidate for indirect regulation
C15H11.7,WBGene00003922,pas-1,-0.20416141796464102,0.0293113342495006,candidate for indirect regulation
H06O01.1.1,WBGene00003964,pdi-3,-0.323861997435662,0.031095764151935,candidate for indirect regulation
Y57A10A.27,WBGene00013267,Y57A10A.27,-0.317109787144242,0.0316925895276852,candidate for indirect regulation
C06H2.1,WBGene00007385,atp-5,-0.208635544825843,0.0317575739872469,candidate for indirect regulation
Y37D8A.19,WBGene00012557,Y37D8A.19,0.32462346647085805,0.0331595020552232,candidate for direct regulation
C44E4.3,WBGene00016652,got-2.1,-0.212426337371554,0.0334838050635271,candidate for indirect regulation
K09E2.3,WBGene00019572,K09E2.3,-0.250236855670591,0.0349996522311844,candidate for indirect regulation
F56D12.1d.1,WBGene00000112,alh-6,-0.331177991124432,0.0351585505345115,candidate for indirect regulation
Y49E10.15,WBGene00004919,snr-6,-0.23082418437006302,0.0351999975193609,candidate for indirect regulation
F07F6.4,WBGene00017217,F07F6.4,-0.22973207118712102,0.0354180115138103,candidate for indirect regulation
T24H7.1,WBGene00004015,phb-2,-0.19595718433743997,0.03558596477778799,candidate for indirect regulation
K05C4.2,WBGene00010579,K05C4.2,-0.221695300397517,0.0366327843881932,candidate for indirect regulation
T16G12.8,WBGene00011809,T16G12.8,0.293881343036563,0.0373573488503123,candidate for direct regulation
T10B10.2,WBGene00011679,ucr-2.2,-0.22643228403930302,0.0374778917924493,candidate for indirect regulation
W01A8.4,WBGene00012166,nuo-6,-0.21881223085520202,0.0379941149577386,candidate for indirect regulation
W08E3.3b,WBGene00012344,ola-1,-0.43036956884520794,0.0380091521443544,candidate for indirect regulation
K07C11.8.2,WBGene00019480,K07C11.8,0.65227876422762,0.0396187325621032,candidate for direct regulation
LLC1.121,WBGene00235121,LLC1.121,0.730942695407541,0.0399346261896066,candidate for direct regulation
M88.7,WBGene00010909,cisd-3.1,-0.293784148268259,0.0419713908540746,candidate for indirect regulation
Y40B10A.6,WBGene00021491,comt-4,1.66889151970817,0.0432160624532041,candidate for direct regulation
R06C7.4.1,WBGene00011063,cpg-3,0.6007596310625439,0.0432209433655757,candidate for direct regulation
F52H3.1.3,WBGene00002497,let-268,3.58216459533813,0.0438647554292357,candidate for direct regulation
Y55B1AR.1.2,WBGene00002269,lec-6,-0.545150417977484,0.0452281653958796,candidate for indirect regulation
K10D11.5,WBGene00010749,K10D11.5,0.413365389087976,0.0475620554237205,candidate for direct regulation
Y54E10BL.4,WBGene00001046,dnj-28,0.217549648193469,0.0491419078674057,candidate for direct regulation
K06G5.2,WBGene00010606,cyp-13B2,0.580092569113076,0.0542781319416257,candidate for direct regulation
F38A5.1a,WBGene00018160,odr-8,3.3560054983442997,0.0554733677461347,candidate for direct regulation
F53F4.10,WBGene00009992,F53F4.10,-0.18814028315648898,0.0554874571709964,candidate for indirect regulation
T04F3.1a,WBGene00011436,T04F3.1,0.983340484240625,0.0646984582413163,candidate for direct regulation
F10F2.2,WBGene00008654,F10F2.2,-0.31536943003547196,0.0650134211900488,candidate for indirect regulation
R07B1.4,WBGene00001784,gst-36,-0.345831604387308,0.0696222160654291,candidate for indirect regulation
ZK652.11,WBGene00000835,cuc-1,-0.313407773145997,0.0710859322419734,candidate for indirect regulation
C01A2.3,WBGene00007215,oxa-1,-0.225328669797999,0.0771341108374297,candidate for indirect regulation
R06C7.4.2,WBGene00011063,cpg-3,1.4905530543743601,0.0777976237595843,candidate for direct regulation
C50F4.13,WBGene00001909,his-35,-0.254563483628089,0.0786075537988077,candidate for indirect regulation
Y105E8B.5,WBGene00013690,hprt-1,-0.198299403684371,0.0787445605004239,candidate for indirect regulation
T21C12.2,WBGene00001993,hpd-1,-0.346861934495105,0.0803202701384558,candidate for indirect regulation
T15B7.5,WBGene00000714,col-141,0.45724389707985796,0.0837778065663448,candidate for direct regulation
C24H10.5,WBGene00006861,cal-5,0.17918991507846802,0.0870120277417918,candidate for direct regulation
ZK813.1.2,WBGene00022820,ZK813.1,0.32105104167526693,0.0883141088166626,candidate for direct regulation
F56B3.8a,WBGene00018932,mrpl-2,-0.243819966095075,0.0886630304357375,candidate for indirect regulation
K04C2.2,WBGene00019380,K04C2.2,-0.17731380260776602,0.0887283018271438,candidate for indirect regulation
F15D3.7,WBGene00008857,timm-23,-0.22512446600768898,0.0887283018271438,candidate for indirect regulation
F57F5.1,WBGene00010204,F57F5.1,-0.221660542113801,0.094075967156877,candidate for indirect regulation
T11F9.3,WBGene00003539,nas-20,0.40219211219334294,0.0978970192922128,candidate for direct regulation
