Unnamed: 0,target_id,pval,qval,b,se_b,mean_obs,var_obs,tech_var,sigma_sq,smooth_sigma_sq,final_sigma_sq,ens_gene,ext_gene,d_qval,e_qval,d_b,e_b,avg_qval,avg_b
1,R08E5.3,0.0,0.0,4.6719006104900895,0.10782201513316801,6.92833318125919,7.4121759495438395,0.00318259296496952,0.0142557874560962,0.0105756505830347,0.0142557874560962,WBGene00019963,R08E5.3,5.169913342459927e-284,0.0,3.8006000743158297,4.55905061769543,1.7233044474866423e-284,4.343850434167116
2,W07A12.7,7.961959930912248e-134,7.225478637302868e-130,2.50408465676169,0.10171464036229501,6.470552158686191,3.53942013651586,0.0027272857392543,0.0127915163567923,0.0119247966117038,0.0127915163567923,WBGene00012324,rhy-1,9.979309317062e-35,3.04324754357206e-39,1.34984990874269,1.463341537008,3.326537880605452e-35,1.7724253675041268
23,F10D2.9,4.9597092891822095e-36,3.9138575477677e-33,-3.47905536774413,0.27760344775857104,5.33125729422893,2.8420614781972198,0.0108627353827724,0.104732775928396,0.0267632893747573,0.104732775928396,WBGene00001399,fat-7,4.72749693340281e-44,2.49570249471995e-24,-3.4302925925677097,-3.41724129418774,8.319008328779358e-25,-3.4421964181665263
35,ZC317.7,1.50179512380954e-30,7.787880427755179e-28,1.95417308237194,0.170093715918607,5.61454799687765,1.00107269633251,0.0122721524865329,0.0311256558059668,0.0204913218526961,0.0311256558059668,WBGene00022590,ZC317.7,7.514454163250229e-23,2.82227468476985e-34,1.80740218353425,2.12648825398994,2.5048440140275764e-23,1.9626878399653769
33,C33A12.7,1.72201197493393e-31,9.47106586213662e-29,1.90504459519633,0.163180847976438,5.6635434921937895,1.1951590699036299,0.00484234903244059,0.0350996346870233,0.0196568885006881,0.0350996346870233,WBGene00007886,ethe-1,2.72236656169551e-19,5.388470919364689e-22,1.60290852126533,1.55811874778687,9.092516778539938e-20,1.6886906214161765
6,F26H9.5,5.364284289313039e-88,1.6226959975171997e-84,1.7604517095554097,0.0885265413469859,7.18788685975525,0.6084146293893901,0.0015079790260021401,0.0102474437582873,0.0102148828227053,0.0102474437582873,WBGene00009177,F26H9.5,4.31013276734892e-18,4.335975072978479e-67,0.9073902316982059,1.58076239646577,1.43671092244964e-18,1.4162014459064618
15,VF13D12L.3,2.1187039543573297e-50,2.5636317847723695e-47,1.56121890332499,0.10457280016658999,8.13271248769382,0.6789960262898609,0.00037426011417063303,0.0160289456878516,0.0110257361976766,0.0160289456878516,WBGene00012149,VF13D12L.3,2.4956040174976605e-16,2.975902505942279e-70,0.742013749323872,1.56213011823089,8.318680058325535e-17,1.2884542569599173
7,T05B4.2,1.1774581819314697e-74,3.0529808574365892e-71,4.12282159651852,0.22552775191674698,5.72425352701784,4.89145236559834,0.00823818034699139,0.0680559699799409,0.0187031743618999,0.0680559699799409,WBGene00003647,nhr-57,3.59151209543151e-16,2.1825314162157195e-69,1.9520251719128998,3.80357389570185,1.19717069847717e-16,3.292806888044423
5,C31C9.2,5.037939881967399e-88,1.6226959975171997e-84,2.7695259205654503,0.139247071055894,6.517156959810691,1.4685606572719399,0.00359991711466716,0.0254847030818006,0.0117289516118498,0.0254847030818006,WBGene00007836,C31C9.2,6.62365409350356e-16,2.2704178225623995e-84,1.3649672726101003,2.45087414835978,2.20788469783452e-16,2.1951224471784436
73,ZK816.5,1.58428627652678e-18,3.93901313958371e-16,-3.27574820174241,0.37294229030632503,5.43980607120543,2.25338555060051,0.0128652670309457,0.195763660817445,0.0240274331721229,0.195763660817445,WBGene00000989,dhs-26,3.69535819837129e-12,2.0565169294867998e-12,-3.32244465011129,-3.16305932080164,1.917423009724016e-12,-3.2537507242184467
37,C50F4.8,2.7009008392808698e-30,1.3249013576472399e-27,1.63947971470734,0.143336429117818,6.196729092948001,1.1334582227619399,0.00235798036966807,0.0284600174987029,0.0135091272562074,0.0284600174987029,WBGene00008233,C50F4.8,8.21204140407312e-12,1.17767571094208e-22,1.16486595149958,1.33213165243357,2.737347134730296e-12,1.3788257728801634
12,Y37A1B.5a,1.0814189591408801e-57,1.6356461757005796e-54,2.6574640234899802,0.16598378725656301,6.85884975876997,1.5794064537678603,0.0023712634561070802,0.0389546629919407,0.0107165213918026,0.0389546629919407,WBGene00012538,Y37A1B.5,4.61365919447189e-11,3.0125234054673293e-50,1.39674877730007,2.5723214039931204,1.5378863981572965e-11,2.2088447349277236
16,F01D5.1,1.17011003619451e-46,1.32734357230814e-43,2.86020834711781,0.19940804729166198,4.87124901434324,2.74930409889493,0.0125651531733826,0.00800614946517315,0.0470802008136277,0.0470802008136277,WBGene00008492,F01D5.1,1.0113900526976899e-18,8.74703942941618e-10,2.10462151775676,1.6035240253126999,2.9156798131766936e-10,2.18945129672909
158,C09E8.3,1.11787758524632e-11,1.2841441881152402e-09,2.74338403727027,0.404006484477172,4.5655869169290595,1.9210535929586001,0.0195093765910769,0.225322482658328,0.0688486085414484,0.225322482658328,WBGene00015646,mlt-10,2.6300375850128397e-12,3.56877936404897e-31,2.6259795482036496,2.7805204372092303,4.2892474190008435e-10,2.71662800756105
161,T07A9.9a.3,1.2593998077100199e-11,1.41975816831906e-09,6.175421549928879,0.911739761485105,3.84316908151486,11.9806784321363,1.08317961624475,-0.9193000907656659,0.163724472764622,0.163724472764622,WBGene00020297,nog-1,2.6300375850128397e-12,2.39562525695416e-12,6.559393402325929,6.3915695594683095,4.749279437203424e-10,6.375461503907705
46,F15E11.15b,2.9157681371246996e-26,1.1504606888872499e-23,-5.692282875901389,0.536904923387414,5.47342693094243,8.38252748068255,0.217248528297292,0.215151816839175,0.0232710021212769,0.215151816839175,WBGene00017501,pud-3,7.57860795963053e-09,3.55736308609559e-18,-5.1456424259721105,-4.33184027533956,2.526202654395968e-09,-5.056588525737687
41,H12D21.7b,4.607453821674659e-29,2.03964114300964e-26,2.61587038928919,0.233785996390957,5.61498373884071,2.46394286655808,0.058358815314376,0.0236250228483925,0.0204836288527492,0.0236250228483925,WBGene00010383,mpst-3,6.42515529439147e-08,4.86802293524981e-14,1.58519877136359,1.9588587317684498,2.1417200541381353e-08,2.0533092974737435
40,H12D21.7a,4.607453821674659e-29,2.03964114300964e-26,2.61587038928919,0.233785996390957,5.61498373884071,2.46394286655808,0.058358815314376,0.0236250228483925,0.0204836288527492,0.0236250228483925,WBGene00010383,mpst-3,6.42515529439147e-08,4.86802293524981e-14,1.58519877136359,1.9588587317684498,2.1417200541381353e-08,2.0533092974737435
77,W07A12.6,4.2897638374229095e-18,1.0111586188211199e-15,4.19137717343862,0.48338815101454796,3.8208826268255605,4.67351809607484,0.11040782762767899,0.240088329184215,0.16724719349757197,0.240088329184215,WBGene00012323,oac-54,6.46797596075687e-08,8.06598164728807e-13,3.08614050070339,3.7777625913317903,2.156018907229735e-08,3.6850934218246003
210,T05E7.1,1.3798811905359602e-09,1.1926116003917998e-07,-1.4020062256885002,0.231437840108338,5.41226765228246,0.9562869993946078,0.00534838777529881,0.0749968229757199,0.0246774511498802,0.0749968229757199,WBGene00020258,T05E7.1,4.3416349727898e-19,3.47551717749317e-14,-1.6630276833868998,-1.40990616049148,3.975373159826197e-08,-1.4916466898556269
81,R05F9.12,1.03444045534241e-17,2.3179128721561396e-15,-0.7309599978406791,0.08529242778275799,7.59471651042035,0.191771695358237,0.000761473766132111,0.00186723671377452,0.0101507235894834,0.0101507235894834,WBGene00019895,aagr-2,1.49622620511332e-07,1.4555802103239298e-08,-0.51515395399666,-0.542554058768318,5.472614164416138e-08,-0.5962226702018857
4,B0218.8,1.0447453840551397e-119,4.7405321801502185e-116,3.3073454545975,0.142170409459591,6.30437680815732,3.15723913385809,0.0034385182812389802,0.0268801197076225,0.0127856789274532,0.0268801197076225,WBGene00015052,clec-52,2.63282533834972e-07,9.95950933388433e-34,1.65175091554925,1.51965964573062,8.776084461165733e-08,2.15958533862579
140,F37B1.8,2.00898320321317e-12,2.60450322416564e-10,5.13728590167187,0.7303652219233521,4.63025763079468,9.29267176731892,0.0759552018771628,0.724194834215557,0.0638088020366354,0.724194834215557,WBGene00001767,gst-19,3.7672135006662505e-07,9.75598866034421e-10,4.514299196563889,5.009137988590929,1.2598579975169202e-07,4.886907695608897
87,H40L08.2a,1.0208521900391501e-16,2.1297088792196097e-14,1.2078886031219398,0.14548782503310598,6.435673416883191,0.34334520595765894,0.00300013257621166,0.0287499282730838,0.0120833474751376,0.0287499282730838,WBGene00014793,H40L08.2,7.078853112414679e-07,2.17585118518832e-10,0.86712072174335,1.0019792552970899,2.3603430588569185e-07,1.0256628600541264
149,Y48E1B.8,6.30723986682221e-12,7.682980106229741e-10,-1.56156456464239,0.22721824409863503,5.10017467755064,1.46166459037702,0.00813990166717158,0.0693022940097288,0.0350088275906385,0.0693022940097288,WBGene00013007,Y48E1B.8,1.86966135221166e-06,2.5716883247332997e-09,-1.5815272232064501,-1.8099773070024898,6.243337795156721e-07,-1.65102303161711
51,T15B7.1,2.96462607546679e-24,1.0550581033278899e-21,-0.876001426077735,0.0862133507210316,7.108610172630679,0.50714734326261,0.000851122122525382,0.0035548249166970796,0.010297990641295999,0.010297990641295999,WBGene00020516,T15B7.1,2.16048941794187e-06,8.06143067348579e-23,-0.683432356657055,-0.894957714871624,7.201631393139571e-07,-0.818130499202138
45,F35G2.4,2.70569311930314e-26,1.0912962247855999e-23,2.27572546165945,0.21450852765239897,6.0335896467569805,1.27513210495903,0.00348313726021015,0.0655377253931898,0.0149256192138484,0.0655377253931898,WBGene00004025,phy-2,1.3493799365206801e-09,4.0307512239484e-06,1.42356293924355,0.836955820371778,1.344033534628307e-06,1.5120814070915927
121,F08A8.2,2.3937619459800105e-13,3.5906429189700104e-11,-1.63335777239241,0.22299214782097798,5.997046355666679,1.1740457306252199,0.00304010888119717,0.0715481381035225,0.0152951239778498,0.0715481381035225,WBGene00008565,acox-2,5.43816518823516e-07,1.03390697386288e-05,-1.15571337294748,-1.38830249947292,3.6276407212938357e-06,-1.39245788160427
101,F21D5.3a.2,4.454330807801151e-15,8.004564768474341e-13,2.82949172406375,0.360838595905014,5.9049312720313605,2.4277618667436602,0.17899907444501698,-0.0998830884261587,0.0163076639970369,0.0163076639970369,WBGene00009008,F21D5.3,8.93065684949174e-06,3.5240640004752098e-06,2.03696406249237,2.0139384033663204,4.151573883474476e-06,2.2934647299741466
74,F38E11.1,1.80272748270106e-18,4.42155456905734e-16,2.2629414066904703,0.258061746502618,4.47585850314855,1.02234451939946,0.0234763949060935,0.0161592827869497,0.076417402605879,0.076417402605879,WBGene00002012,hsp-12.3,2.38168929791474e-06,1.37643511093693e-05,1.6086956474671799,1.45685949776065,5.382013469242066e-06,1.7761655173061
79,ZK637.13.2,6.537672049254601e-18,1.50200946448065e-15,2.10961122765975,0.24465700908572602,5.3232969023208305,1.23322336812156,0.0628005658609405,0.0129448580173601,0.0269850122812193,0.0269850122812193,WBGene00014030,glb-1,2.1318804520919e-05,7.339849000103949e-07,1.37212378049968,1.4612829229809199,7.350929807477135e-06,1.64767264371345
167,W09G12.9,6.64183636556087e-11,7.21852275658263e-09,-1.42627311920429,0.21846773248507398,4.8333028221953604,0.443722006760497,0.0120077987550339,0.0595844264507206,0.0494592195708937,0.0595844264507206,WBGene00021123,W09G12.9,4.4806507783125204e-05,1.2851206791652301e-05,-1.08502915059095,-1.09252214394976,1.9221644365844697e-05,-1.2012748045816668
65,ZK637.13.1,4.869046797607249e-21,1.35958768271649e-18,2.03106707457975,0.215796075519059,5.54415388107247,0.855808827434527,0.0480489425503495,-0.0050134753710702395,0.0218029767637913,0.0218029767637913,WBGene00014030,glb-1,6.1338819363711e-05,1.28641357095757e-06,1.17590167182722,1.2771696910866002,2.0875077644889978e-05,1.4947128124978566
14,F26H9.7,1.3667789227626197e-50,1.7719312462958199e-47,1.5942046681552602,0.10657377251170899,6.65650861398405,0.703567845751388,0.00200137421275968,0.0150355792683066,0.011237917121113997,0.0150355792683066,WBGene00006732,uev-3,6.56326249430171e-05,7.20595890230754e-41,0.503340827258937,1.31158912691202,2.187754164767237e-05,1.1363782074420723
76,Y73C8C.2,2.9541274172819098e-18,7.054922713640339e-16,2.81892738659577,0.323523749397078,4.45751325512599,3.64691512060559,0.0223618218210032,0.134639602814911,0.0781347704934411,0.134639602814911,WBGene00022261,clec-210,1.2334062732512199e-27,7.895268295228159e-05,3.9889196770642297,1.48222931581056,2.6317560984329027e-05,2.763358793156853
133,T09H2.1,7.63301096001913e-13,1.0438724955483699e-10,-3.2991630844460498,0.460289106572484,3.5382959621568797,2.09039464215479,0.105618192384276,-0.0406144383096491,0.212180900059667,0.212180900059667,WBGene00020386,cyp-34A4,1.3450830530812101e-05,6.75348307127768e-05,-1.64286818209642,-1.30703045613126,2.6995255210279486e-05,-2.0830205742245766
179,C43H6.1,2.1868117020956502e-10,2.21735376497408e-08,-0.8615167447798571,0.135722944679979,5.47800164118331,0.37317372637956003,0.00445996568567825,0.0157087956865171,0.0231711108832288,0.0231711108832288,WBGene00016614,trpp-12,1.8747191322834e-06,0.00022801836624495602,-0.8259743830773879,-0.566902957410922,7.663841963829638e-05,-0.751464695089389
112,F25E2.2a,4.41558905187754e-14,7.15561975817655e-12,-0.711514833592624,0.0942637479144225,6.537075773050491,0.550495179961977,0.00167800579969339,0.00829073761837813,0.0116504754566173,0.0116504754566173,WBGene00017780,F25E2.2,0.00026258523955723903,1.02967778975429e-07,-0.429787784852165,-0.557855227002273,8.756273816394474e-05,-0.566385948482354
62,K10H10.2.1,1.67569523968471e-21,4.90546267746412e-19,3.85119992543297,0.404392479532221,6.55970171200299,2.9777113269311806,0.23373500429741098,-0.15561587440805802,0.011564911955916002,0.011564911955916002,WBGene00010759,cysl-2,0.00030398716468589,1.8158364538946801e-13,1.9628643414759197,3.2917352601505696,0.00010132905495582471,3.03526650901982
60,F27D9.5,5.2407709367382e-22,1.5853332083632999e-19,0.8387826151149,0.0869797097128625,8.119624864254321,0.19961424004869896,0.000357912809827063,0.00327497457844261,0.0109902920427737,0.0109902920427737,WBGene00017864,pcca-1,0.000391127308268071,6.63336118828524e-06,0.38973552789576293,0.45343032135647,0.0001325868898187855,0.5606494881223777
265,ZK228.3,3.29692487680685e-08,2.25808250996394e-06,-1.8331233238688,0.33179364499133396,4.35093565546873,1.00882309687474,0.0355573915590012,0.129573142725952,0.089298079824692,0.129573142725952,WBGene00013946,ZK228.3,0.00042734509322229,1.08195638516478e-08,-1.14687512308532,-1.6351195193444399,0.00014320466509870185,-1.5383726554328534
96,F57B9.1,9.26435242750033e-16,1.75154163082428e-13,0.9355009404458721,0.11641039996702099,5.8927285394511,0.16804588081592298,0.0038757720214147896,-0.000513468300287797,0.016451299809308,0.016451299809308,WBGene00018996,F57B9.1,4.3524680596036796e-09,0.000591700824717095,0.7884516780289641,0.5125540090632229,0.00019723505912010292,0.7455022091793531
75,R03G8.6,2.15194632323663e-18,5.20771010223264e-16,1.5100906468029698,0.172600924095545,5.9349693071720395,0.461875747236511,0.00424097433008863,0.0404456441678657,0.0159639239355333,0.0404456441678657,WBGene00011000,R03G8.6,0.00062453303240209,4.13093525259294e-14,0.853602594453004,1.37030353027682,0.00020817767748130674,1.2446655905109314
10,Y47D3B.10,1.28468292111541e-69,2.3316995018244797e-66,1.8676834164819198,0.10589677382319801,6.140000951887691,0.7520766941422758,0.00286684688243579,0.012013352369027,0.0139543431768065,0.0139543431768065,WBGene00001077,dpy-18,0.000412813942001135,0.00022110640880974503,0.843095166495001,0.548283125940436,0.0002113067836036267,1.0863539029724523
339,F55E10.6,5.68885748292078e-07,3.0368459798533003e-05,-0.585773689423886,0.11711980891634301,6.16527442592125,1.3169810161139,0.00238512055388511,0.018190453907016003,0.0137500660978851,0.018190453907016003,WBGene00018885,drd-5,0.000102044985727874,0.000554748864518368,-0.5014018406346871,-0.43480623316210204,0.00022905410334825836,-0.5073272544068917
445,ZK899.2,1.1247429426128599e-05,0.00045874346985221297,-0.628446004404685,0.143098981477129,5.665087231604379,0.201870332976458,0.00567716133009436,0.025038816419592998,0.0196315704894188,0.025038816419592998,WBGene00014141,ZK899.2,1.69574315544228e-05,0.000279382365023416,-0.678503201488247,-0.5501079652135439,0.0002516944221433506,-0.619019057035492
13,C17G1.7,7.512235903448599e-55,1.04882370498148e-51,1.74193195773535,0.11167669467082199,5.96571648713902,1.03835553773542,0.0030816078536929697,0.0024829247946671603,0.0156259183452071,0.0156259183452071,WBGene00007653,cysl-1,0.000790544543736997,4.26987640692001e-22,0.5696323679769879,1.18791746738574,0.0002635148479123323,1.1664939310326925
193,K11D12.13,5.34565898158389e-10,5.0271352598833e-08,1.46237039539994,0.235539241307133,7.06332383162491,0.463644086107305,0.00123502374979142,0.0819830775435185,0.0103560334831662,0.0819830775435185,WBGene00044535,K11D12.13,0.0008902018941645529,1.0367321886489401e-06,1.06278544948018,1.30548247888537,0.0002970962992352669,1.2768794412551634
431,Y71A12B.12a.1,8.360726463229871e-06,0.00035208163644459903,5.08877219746724,1.14207311568826,2.63484530416245,6.31375868702426,1.55908987234683,-1.45676017468689,0.39740663001998705,0.39740663001998705,WBGene00013509,Y71A12B.12,0.00055246429961325,6.44319387430963e-05,5.26134037750461,4.937796172080461,0.0003229926249336484,5.0959695823507705
293,T27A10.3a,1.2426993014786998e-07,7.69794959789708e-06,-1.03305108438931,0.19539083039055802,5.00098635877446,0.28777378895880296,0.017514029960514998,0.0212899614331651,0.0397523349405529,0.0397523349405529,WBGene00000515,ckc-1,0.000855690180697167,0.000109912905687335,-0.884676748414777,-0.841921419276927,0.00032443367866079965,-0.9198830840270046
169,F01D5.5,8.57672822854311e-11,9.21110161822825e-09,2.59793423409248,0.40029055039551104,5.22761412264634,4.93678082147379,0.0131912297590437,0.227157557344868,0.029990507096250996,0.227157557344868,WBGene00008495,F01D5.5,0.000371015497582186,0.000723817977296319,1.92596014373378,1.66104213738575,0.00036494756199337443,2.06164550507067
44,Y54G2A.39,2.2618925560836798e-27,9.33030679384517e-25,1.92577035617177,0.177678948511236,5.040189329368331,2.4326620013269102,0.009566229906100641,0.0023318668242635803,0.0377884832099873,0.0377884832099873,,,9.353722681268422e-15,0.0010957739162099599,1.56884667362154,0.8478279240577491,0.0003652579720731045,1.4474816512836863
531,F44F4.11,3.82898503387364e-05,0.00130877737033534,-0.608864763509521,0.147870145829712,6.68341531322662,0.24467270131445798,0.0013590301169566,0.0314393399245938,0.0111571712423464,0.0314393399245938,WBGene00006530,tba-4,2.4874408090007397e-05,2.43518828508004e-13,-0.5312848532024861,-0.9548764574221971,0.00044455059288962205,-0.6983420247114015
440,F55B11.2.2,9.47759673145036e-06,0.000390950865172327,0.910601463665479,0.20561088285698198,7.1715663937653105,0.20249881396293398,0.05318367121225401,-0.0149249631426601,0.0102300815115874,0.0102300815115874,WBGene00010084,F55B11.2,0.0009499529767200881,7.0838945950374e-05,0.891252741936456,0.9641628657776908,0.00047058092928092967,0.9220056904598753
213,C03E10.6,1.8135970400119398e-09,1.5453890270524198e-07,2.45605449284585,0.40841132029491206,5.650612432399499,1.4749940006560303,0.0120164265499696,0.23818328326757998,0.0198712478867037,0.23818328326757998,WBGene00007283,clec-222,0.0013932404815156,3.65768704429845e-05,1.7932674221956297,1.9857413099764698,0.0004766572969537632,2.0783544083393166
511,R12E2.11,3.06977345241766e-05,0.00109049178897542,-0.38913206820138396,0.0933567229166126,6.67187335714313,0.20024132092515398,0.0018819047737604398,0.00474524127584599,0.0111913117968333,0.0111913117968333,WBGene00020036,R12E2.11,8.683647925713091e-05,0.000284687638509927,-0.45985727501038,-0.416399504218279,0.000487338635580826,-0.42179628247668094
404,B0286.3,4.23233308601163e-06,0.000190140706710671,-0.5124486199567071,0.11141073155742802,6.25929828301487,0.33796117495399997,0.00180791105573775,0.0168106156035043,0.0130706531396373,0.0168106156035043,WBGene00015116,B0286.3,0.00140773820695788,1.89195807921728e-07,-0.546422362646053,-0.6255132224052691,0.0005326893698254909,-0.5614614016693431
78,C32H11.12,5.63547659707844e-18,1.31133205432017e-15,2.6122423968260096,0.302352938899292,6.93196747531027,6.6337079378049895,0.0038284601185939898,0.133297489372964,0.010568807543894,0.133297489372964,WBGene00007875,dod-24,4.3548965400581896e-07,0.00160854487609768,1.8430155222426399,1.21825911182249,0.0005363267885843323,1.8911723436303796
68,C30G12.2,1.3348194450180299e-20,3.56279013633488e-18,-2.3236865747753197,0.24971362738514497,7.707389036852731,2.1783210986765,0.0007474438957561111,0.0927878996570142,0.0102402414108251,0.0927878996570142,WBGene00016274,C30G12.2,0.00199054924444099,1.0243010241432399e-32,-1.39396827574786,-1.87806072266332,0.0006635164148136645,-1.8652385243954999
220,ZK1320.9,3.0609202156072995e-09,2.52525917787602e-07,-0.638159524744386,0.107646343750239,7.0459244638950995,0.27583310324080396,0.0013509135382343699,0.0160306894459577,0.0103803998113057,0.0160306894459577,WBGene00014258,ZK1320.9,0.00218973431096484,0.00011355507347099199,-0.44892331408826003,-0.535369551830691,0.0007678473034512064,-0.5408174635544457
470,R11A5.7,1.7650569940335397e-05,0.0006816124349299731,-0.43034301056836605,0.10024973466033198,6.60311349627045,5.179556424477441,0.0036642174993955796,0.00376763348270016,0.0114107964498048,0.0114107964498048,WBGene00011235,suro-1,0.00165605358031965,1.19519877706723e-07,-0.42448757788469893,-0.608566960697555,0.0007792618450424433,-0.48779918305020664
141,F09A5.9,2.21939462218077e-12,2.85688031153057e-10,1.59417112280631,0.22709135410507802,6.02224869863464,0.960876397729381,0.00282838857549009,0.0745273360884265,0.0150384756794024,0.0745273360884265,WBGene00045245,ttr-34,0.00246684527007568,8.07868607105356e-14,0.993081365915802,1.55025657346498,0.000822281851948166,1.3791696873956976
131,Y105C5B.5a,7.290580368600749e-13,1.01010712740537e-10,-1.09485566806008,0.15261711875604,5.98784732148666,0.268250482775109,0.00412398749237239,0.0308139899137206,0.0153908722051881,0.0308139899137206,WBGene00013647,Y105C5B.5,0.0015895344059192,0.000915515384327084,-0.519381324573411,-0.48033655360442296,0.0008350166304189989,-0.6981911820793046
512,T21C9.13,3.0866071498894396e-05,0.00109417812051745,0.36786459418033796,0.0882808505532549,8.22343563877304,0.591152938229374,0.000255746750515203,0.011434516111093999,0.0112927955586664,0.011434516111093999,WBGene00011898,T21C9.13,0.0014802808230752699,6.77698723193064e-08,0.36897314544781795,0.537027267622939,0.0008581755711550131,0.4246216690836983
383,F08F3.2a,2.36485702270061e-06,0.00011206828971805801,0.647875898744856,0.137277902882385,6.418805119016461,0.298067011424261,0.0104205764364569,0.0178472574932214,0.0121639458872957,0.0178472574932214,WBGene00017261,acl-6,0.00218973431096484,0.000274906452946588,0.60930416314465,0.6178501930724589,0.0008589030178764953,0.6250100849873216
70,K10H10.2.2,2.35774557504165e-19,6.11329745528657e-17,3.52555432239595,0.39193672430258,5.84139787019137,3.0235322567231204,0.21333933358765803,-0.102110475261188,0.0170822601978962,0.0170822601978962,WBGene00010759,cysl-2,0.00284843902057944,1.51771128633945e-12,1.72717928146419,3.07630338370078,0.0009494796740324041,2.7763456625203062
413,T25F10.6a.2,5.1429820917749e-06,0.000225471316342306,5.41092851918578,1.1869014964821398,3.9582639165464197,15.1141760650706,0.495991972173397,1.61711077135391,0.14520686854338902,1.61711077135391,WBGene00020808,clik-1,2.6702516722114096e-83,0.0027769665744287898,7.97091556185297,6.1008954235164,0.001000812630257032,6.494246501518383
295,Y105E8B.1b.2,1.30307619410239e-07,7.93652111508668e-06,1.04678493518662,0.198314335444005,6.840755544331159,0.646233436892905,0.00634443027834673,0.0526484331855491,0.0107561153611242,0.0526484331855491,WBGene00002978,lev-11,0.0037091823568011204,1.2464628222811e-05,0.863017025341205,1.0026662843141199,0.0012431945020463394,0.9708227482806483
296,Y105E8B.1j,1.30307619410239e-07,7.93652111508668e-06,1.04678493518662,0.198314335444005,6.840755544331159,0.646233436892905,0.00634443027834673,0.0526484331855491,0.0107561153611242,0.0526484331855491,WBGene00002978,lev-11,0.0037091823568011204,1.2464628222811e-05,0.863017025341205,1.0026662843141199,0.0012431945020463394,0.9708227482806483
258,T22B7.7,2.8017851490197702e-08,1.97102327343833e-06,-2.15071354407952,0.38727924768914096,7.158378902881171,1.53753810537045,0.00123222101934675,0.22374560251665399,0.0102430838434583,0.22374560251665399,WBGene00020674,T22B7.7,0.0015279703793105901,0.0029701588511034604,-2.13862629973576,-1.4696772952730501,0.0015000334178958295,-1.9196723796961104
151,T11F9.6,7.0711340011905e-12,8.49940941202699e-10,2.4257012833500697,0.353796227634803,3.90777073001953,2.42694127390965,0.0343995206548083,0.100228150469392,0.153358135378117,0.153358135378117,WBGene00003541,nas-22,0.00463682096313381,3.56514503901477e-11,1.56024552873749,2.4521274735290097,0.001545607282908734,2.1460247618721895
369,R12C12.5,1.6464192458625799e-06,8.098241006072041e-05,0.48239103677043105,0.10065351784844902,6.301235060124661,0.0606890772713566,0.00239194318732186,0.0102102097747588,0.0128047527955801,0.0128047527955801,WBGene00020025,R12C12.5,0.00463682096313381,9.773501443787858e-05,0.407833577482643,0.469698321644343,0.0016051794625441364,0.453307645299139
29,F52E4.1a.2,3.57209900477077e-33,2.25916078896599e-30,1.4589769611391001,0.121585917748317,7.17332647125371,0.6873397294850769,0.0119463081392041,-0.007727401987517159,0.0102283949528466,0.0102283949528466,WBGene00018701,pccb-1,0.00490862155494461,2.61603536715935e-17,0.522480423625182,1.11252934019969,0.0016362071849815455,1.031328908321324
36,ZK1058.6,1.7720105307748e-30,8.933886425989609e-28,3.4443369674607998,0.300173190142046,5.5422757344626605,2.5895048026138703,0.00969497801696932,0.12546093810311001,0.0218399301651755,0.12546093810311001,WBGene00014206,nit-1,0.0050386859683432894,6.3964238863083895e-25,1.4985770773466498,3.35165699405123,0.001679561989447763,2.764857012952893
202,T04A11.1,9.07299618415109e-10,8.11206309075577e-08,1.49677406644744,0.24437452265516799,4.42084026855092,1.91350847772311,0.00782986281917523,0.0613472216865921,0.0817484981652363,0.0817484981652363,WBGene00011416,T04A11.1,0.0056437175511180795,5.331325150496649e-19,1.03060147970418,1.99674899074022,0.0018812662239163292,1.50804151229728
203,T04A11.4,9.07299618415109e-10,8.11206309075577e-08,1.49677406644744,0.24437452265516799,4.42084026855092,1.91350847772311,0.00782986281917523,0.0613472216865921,0.0817484981652363,0.0817484981652363,WBGene00011419,T04A11.4,0.0056437175511180795,5.331325150496649e-19,1.03060147970418,1.99674899074022,0.0018812662239163292,1.50804151229728
626,C01G10.8.1,0.000134212374863658,0.00389130128398626,-0.36580383432585,0.0957953294393021,7.339817340238709,0.0706835978268787,0.0036447565667690205,0.00638291248381576,0.0101203611468076,0.0101203611468076,WBGene00007235,C01G10.8,0.00178027981412723,3.5240640004752098e-06,-0.479159556648142,-0.524032463371722,0.001891701720704655,-0.45633195144857136
226,F52B10.1,4.18212640970909e-09,3.3586546166469e-07,0.920045606986673,0.156554904486684,7.98733488742746,0.702178068068039,0.000358479205216283,0.0364056779730357,0.0106738787546747,0.0364056779730357,WBGene00003776,nmy-1,0.00614465783946333,1.89195807921728e-07,0.6457526096036179,0.8510314826906529,0.0020483943002443054,0.8056098997603147
494,F19C7.7,2.51782483346494e-05,0.0009250712697851949,2.21854257546252,0.526570000126732,2.93495233001059,5.949516016386651,0.0884425125942984,0.251872894220894,0.327471434955902,0.327471434955902,WBGene00000684,col-110,0.00275405628071069,0.00276727615835385,2.17606967722146,2.02270869481129,0.002148801236283245,2.1391069824984235
206,C36A4.1,1.2387242681285198e-09,1.0914002653656599e-07,-2.07106764430287,0.34090810722926507,5.23481849671763,1.02162895543111,0.0169781403514694,0.157349366010491,0.0297419486249897,0.157349366010491,WBGene00007963,cyp-25A1,0.00647106757781884,4.01424964869025e-06,-1.44266357812612,-1.6368778574280802,0.002158396989164689,-1.71686969328569
575,Y69H2.9,7.17926333650546e-05,0.00226615007926216,-1.16505109417268,0.293444138814263,4.18762157991063,0.443624184152076,0.0190223062120612,0.0468546244017557,0.11014188769460499,0.11014188769460499,WBGene00013484,Y69H2.9,0.00100345370366294,0.0033709931171943897,-1.3000628452001899,-0.992317313967189,0.00221353230003983,-1.1524770844466863
255,C29F7.3,2.33089698885637e-08,1.65905020971542e-06,-0.84909269845477,0.152018548504019,6.31786762914083,0.165026378708518,0.00247765171310971,0.0321868069207934,0.0127050684063898,0.0321868069207934,WBGene00007812,C29F7.3,0.00327780533060654,0.00367823195656024,-0.6364588508882522,-0.6536617700597961,0.002319232112458832,-0.7130711064676061
564,C03E10.5,6.55725341208321e-05,0.0021101799544203897,1.0600087552836301,0.265546287038721,6.44387288970346,0.306259415809426,0.00217106808905994,0.10360117775101599,0.012045108062571001,0.10360117775101599,WBGene00007282,clec-223,0.00354606006301454,0.00294602134527093,1.1146019314801698,1.05837840353833,0.002867420454235287,1.07766303010071
122,ZC513.7,2.48299243134642e-13,3.69396005155226e-11,-0.67428136976617,0.092117175475088,6.81189194717184,0.389272537393132,0.00190662869484045,0.00885464940725494,0.0108217323314218,0.0108217323314218,WBGene00023209,ZC513.7,0.00850134330243262,0.000108752958188451,-0.337304233621523,-0.41955485547300303,0.0028700320991868907,-0.47704681962023204
449,Y54E5B.1a,1.17070320519595e-05,0.00047218362609569806,0.494628546994832,0.11285227691383,5.93973913231593,0.0576374010760392,0.00319286423546929,0.0063926148309325,0.0159105903714843,0.0159105903714843,WBGene00004889,smp-1,0.008308792204452159,0.00130785534752954,0.43209421470025106,0.454141764830943,0.0033629437260257987,0.46028817550867535
241,Y71H2AM.13,1.1335015818586001e-08,8.53653680943302e-07,-0.60164181023998,0.10537672197211301,6.18129112358076,0.255119358611314,0.00303079706245918,0.00206007641645314,0.0136255832379229,0.0136255832379229,WBGene00022178,Y71H2AM.13,0.0012362396539639,0.0101505657489721,-0.44400987254150703,-0.347263641444196,0.003795886352205648,-0.4643051080752277
367,R07E5.13,1.61841048413596e-06,8.00385566405113e-05,-0.84688457373526,0.176580332640257,5.4738132839412,0.507662142070551,0.00801567718578808,0.0387552436272277,0.0232625383676536,0.0387552436272277,WBGene00011119,R07E5.13,0.0123127010113019,1.34474818283371e-09,-0.49086836506771503,-0.9464304263669548,0.0041309136375635306,-0.7613944550566433
84,Y73B6BL.24,2.5152841424154298e-17,5.43481037914762e-15,-1.5884892885099098,0.18760673328874902,8.163859131118599,0.7522422615421089,0.000355906191341053,0.0524385233715724,0.0111131788414307,0.0524385233715724,WBGene00022245,acp-6,0.0124905196329313,1.20830858046252e-22,-0.6188926933456811,-1.44605165483701,0.0041635065443122446,-1.2178112122308669
755,T19B4.3,0.000492279969011014,0.0118477599590961,-0.41027012483748704,0.117727194318137,5.83791504534618,0.10825032548833301,0.0036628357252433204,0.00365431345557444,0.0171267026977874,0.0171267026977874,WBGene00020557,T19B4.3,0.00032534999581016204,0.00123353408745509,-0.553486083234006,-0.47278010971124396,0.0044688813474537846,-0.47884543926091233
303,C10H11.1,1.3836459389516098e-07,8.31064913483985e-06,0.45277812121952205,0.0859584543705021,7.159684987299171,0.0987774734565555,0.000841516531636679,0.00518744248843734,0.0102417672850118,0.0102417672850118,WBGene00015691,viln-1,0.0134601561736447,6.71236850260902e-06,0.31480851040843105,0.45643357106097604,0.004491726397094049,0.408006734229643
219,T04A8.5,2.48210821892858e-09,2.05708968829012e-07,-0.7632520782127109,0.128005954513033,5.60583985107216,0.720113120392562,0.00393216372359215,0.00603530706040807,0.0206461228625968,0.0206461228625968,WBGene00011407,ppat-1,0.0128053239927899,0.0007472282045812651,-0.5524232175402729,-0.508657977033799,0.004517585968779997,-0.6081110909289276
323,T01D3.6b,3.35414116204322e-07,1.88475734028125e-05,1.05927385017223,0.207604003819904,8.3619933252889,1.58156987408396,0.000690259186978083,0.0639588744161039,0.0117761811661714,0.0639588744161039,WBGene00011330,T01D3.6,0.008897088744324409,0.00491906629214357,0.821965745423579,0.7795112666677549,0.004611667536623597,0.8869169540878546
270,F54D5.12,4.51196890800656e-08,3.0330457659377497e-06,-0.8574104916252959,0.15676089522047698,7.365527986091651,0.18331615669794898,0.0007581453301059411,0.0361028220753822,0.010112700256865,0.0361028220753822,WBGene00010055,F54D5.12,0.0135705717474701,0.0018744782669054601,-0.586017000409461,-0.64566168833127,0.005149361020047166,-0.696363060122009
118,F49F1.7a,1.0404142120931501e-13,1.6002981313127697e-11,2.93753130432468,0.395059541833649,4.3209302117512705,2.1871443046120302,0.034929936415216,0.19917812597550302,0.0928000436940933,0.19917812597550302,WBGene00018647,F49F1.7,0.0016619573105192199,0.0156543728619183,1.8015912144619,1.3246060741106,0.0057721100628135005,2.02124286429906
144,K07C6.5,3.5007665907381902e-12,4.41242455707626e-10,-1.96497637231047,0.282486651184927,5.29045179918072,0.821588166699122,0.0108008695181795,0.10889719262833199,0.0279453407748461,0.10889719262833199,WBGene00019473,cyp-35A5,0.0178267280448059,5.55293373254105e-06,-0.9963392607742441,-1.4997616585396698,0.005944093806593632,-1.4870257638747948
576,T03F6.5,7.285789961205459e-05,0.0022957827742340104,-0.36888164884114005,0.09299330903073501,6.684318348802821,0.21769622385646303,0.0018171023896304899,0.00622398059191917,0.0111545308970982,0.0111545308970982,WBGene00003047,lis-1,0.0144624269483954,0.0022559340084128197,-0.33773361447342204,-0.360746562857356,0.006338047910347411,-0.3557872753906394
306,T07D3.4,1.6343617688687e-07,9.69400853103496e-06,0.9439237836111851,0.18025020886614698,5.20660728699403,1.67904815535489,0.00669534689839071,0.0420398597960435,0.0307363830522952,0.0420398597960435,WBGene00020307,T07D3.4,0.00909809802811469,0.0111036060857035,0.6963310425727021,0.633107876111825,0.006737132707449742,0.757787567431904
22,M05D6.6.3,1.1020086411570699e-38,9.091571289545858e-36,2.23144890255762,0.171544464664313,5.671332628341251,1.24225149188283,0.0246115254763892,0.00414126342683789,0.0195297295590593,0.0195297295590593,WBGene00010879,M05D6.6,0.0204047002020007,2.0129777905267e-23,0.710908238938942,1.83705065072521,0.006801566734000233,1.5931359307405906
713,F45H10.3,0.000330262539695056,0.00839532926535752,-0.38175390512640794,0.106328430594223,6.238978820136079,0.425883949183594,0.0037512451539271703,-0.00244888192844445,0.0132073575750185,0.0132073575750185,WBGene00009740,F45H10.3,0.0114011250155555,0.0007295683317852191,-0.39151501759984003,-0.43947093334285103,0.006842007537566079,-0.40424661868969963
217,K08E3.10,2.3163345156565303e-09,1.9373949981182499e-07,1.0339095842254,0.17307083024920902,5.87423351875766,0.312888136023209,0.0035998027378422205,0.0413304656868836,0.0166735659157086,0.0413304656868836,WBGene00023451,mlc-7,0.0213085965295068,1.4254053507716998e-06,0.6639049731447719,0.8787552181144029,0.007103405224785794,0.8588565918281916
701,H14A12.2b.1,0.000307776301035147,0.00795746419343008,0.37532796341302405,0.104007416904769,7.98356157711864,0.0451687484436355,0.00556036994087013,0.00766338171721657,0.0106659442159337,0.0106659442159337,WBGene00001503,fum-1,2.51299314654493e-06,0.013421943360726002,0.5617228974231819,0.340543545222199,0.0071273068491008755,0.42586480201946836
614,K02D7.5,0.000117792864239851,0.00348198776213892,1.12158772665493,0.291270442197985,4.29836079996909,0.641967328841577,0.0286987158262253,0.0985589899210894,0.09553507124054801,0.0985589899210894,WBGene00019300,swt-1,0.0175605713926314,0.00116411079793622,1.0363953538275699,1.11970597428366,0.0074022233175688465,1.0925630182553865
802,ZK546.15,0.000657277925257504,0.0148748059144934,0.29434906917389503,0.0864002989367673,7.44900245295767,0.308173538405909,0.000610767781486531,0.0105867497030576,0.0101043879354161,0.0105867497030576,WBGene00006619,try-1,0.0038611191646298,0.0060913984971511,0.336857970356006,0.304905048047435,0.008275774525424768,0.3120373625257787
400,R05F9.10,3.7581167030902e-06,0.000170524545402718,-0.39300459324222103,0.0849862828555907,7.630504574390019,0.126911946384967,0.0006599686146373509,0.00871967758793176,0.0101740337957783,0.0101740337957783,WBGene00019893,sgt-1,0.0239691839173496,0.00139987918734017,-0.29386978819314896,-0.361823961783358,0.008513195883364163,-0.3495661144062427
500,C16C10.11,2.65759811539138e-05,0.000962782550785499,-0.446282953667146,0.10623300973660302,6.95951641097208,0.324617199473523,0.00147167918323565,0.0154564993533102,0.010518628529218999,0.0154564993533102,,,0.0259915229847576,0.000417385401681732,-0.3781499687213471,-0.46959535151085896,0.009123896979074944,-0.43134275796645066
831,D1086.7,0.0008145705142314191,0.0177911610509028,0.578772065045014,0.17288153933492298,6.7841027003045795,0.139922722343325,0.00125344077122559,0.0435785991929931,0.0108879794373901,0.0435785991929931,WBGene00008394,D1086.7,0.012043082177159,6.88628492767086e-12,0.5415717886533471,0.9832792967495021,0.009944747744982694,0.7012077168159543
509,T19D12.1,2.9167194824658397e-05,0.00104004830268674,0.6079352894845239,0.145443483636182,6.08898399553443,0.95681932651868,0.00265438867067123,0.0290763217276715,0.0143976724973039,0.0290763217276715,WBGene00020576,T19D12.1,0.0235981647693916,0.00578506137089993,0.522957061459889,0.514300759295447,0.010141091480992757,0.5483977034132866
536,C04C3.3,4.1656545758384396e-05,0.00141057146551246,-0.5240457324308,0.1278754673075,7.32283025588585,0.159716522264659,0.0010108872944432801,0.0235173154142239,0.0101267418450675,0.0235173154142239,WBGene00015413,pdhb-1,0.0292164329376176,0.0005474283609108031,-0.443752028552517,-0.544148801602153,0.01039147758801362,-0.50398218752849
645,Y57A10C.6,0.00018476873944026,0.005205738371826521,-0.41410790076782106,0.110754256034247,6.4380145728107205,0.0999858654885347,0.00222006318591267,0.0161796946586365,0.0120723672996991,0.0161796946586365,WBGene00013284,daf-22,0.0246899893602395,0.00130785534752954,-0.332722694213285,-0.390383904709635,0.010401194359865187,-0.37907149989691363
745,Y49E10.4,0.000446023526916118,0.0108705284502246,0.30888438457414297,0.0879702012684052,6.91797851501644,0.16488246233678303,0.00101270014376085,0.00734084453421327,0.0105954343230447,0.0105954343230447,WBGene00013030,Y49E10.4,0.0213085965295068,4.0377823947459e-08,0.307403551915301,0.5499518198353829,0.010726388452518448,0.38874658544160895
163,C25E10.9a,1.73014850472864e-11,1.9265150528113397e-09,1.24378950323256,0.184890920739985,5.0788045606133,0.4861616154865321,0.0153089978631618,0.0199539434946296,0.0359679809949576,0.0359679809949576,WBGene00023417,swm-1,0.0257257685773467,0.007723680011983191,0.7012540392779711,0.695135359090455,0.011149816838614981,0.8800596338669955
871,R151.9,0.00108629107151791,0.022636260560332997,-0.347720974668615,0.10642885521875901,6.176606112284699,0.25514146832053197,0.00332904690784697,0.00636081252142774,0.0136616049269164,0.0136616049269164,WBGene00020112,pfd-5,0.0108366122739226,2.2571802335380898e-05,-0.397799181522107,-0.536413578929611,0.011165148212196994,-0.42731124504011103
422,F28C6.4a.3,6.5527663932944606e-06,0.000281831066441456,-5.259167335020769,1.1667020514539799,3.64681003062752,6.987124145271901,1.8472625964648,-1.84026220481395,0.19452791883558102,0.19452791883558102,WBGene00009204,F28C6.4,0.000933419307538166,0.0338194432418078,-5.219394549640491,-3.7121292956817595,0.011678231205262473,-4.730230393447673
718,F11G11.2,0.00033446268028055096,0.00845473209901394,0.41452969905717896,0.115563408403657,7.9577645474724195,0.253430496871068,0.00033360321342899304,0.0196987488293765,0.0106132783256223,0.0196987488293765,WBGene00001755,gst-7,0.00909526335083865,0.0211025507842686,0.43213469093733003,0.35520922045574604,0.012884182078040396,0.40062453681675164
424,F39B2.10.1,6.90843790985569e-06,0.000295726764301605,-0.539357009272783,0.11995067075612,7.695631163799981,0.179328800258072,0.0061980708966911,0.0153841742255736,0.0102286805547023,0.0153841742255736,WBGene00001030,dnj-12,0.042117527131708,0.0012748005922941599,-0.505687354892123,-0.5480348238009479,0.014562684829434588,-0.531026395988618
854,F22H10.6,0.000941220915337889,0.0200036997814785,-1.1068428143575801,0.33464315614636403,4.9351465133729295,0.357783150475857,0.008752510735315109,0.15922655219808401,0.04331303262419,0.15922655219808401,WBGene00017730,F22H10.6,0.015585612692345,0.00822530084219851,-1.23210577942097,-1.32192515461771,0.01460487110534067,-1.2202912494654201
238,C05D11.11a.1,9.63474604972408e-09,7.34750591607109e-07,-0.60541535740176,0.10552754026258598,7.84100898270594,0.26880158511587104,0.00503913774893848,0.0116649548818691,0.010408704372293002,0.0116649548818691,WBGene00003214,mel-32,0.0440781333053843,4.00941503428839e-05,-0.345972606473083,-0.570340743907728,0.014706320735439598,-0.5072429025941904
975,K09E2.3,0.00180376201214435,0.0335777236106871,-0.321636822457774,0.103063146501031,6.15460489902969,0.18947051672656198,0.0020979050909873103,0.0127923816917831,0.0138351131590522,0.0138351131590522,WBGene00019572,K09E2.3,0.00780330029582422,0.0030553853340140303,-0.398119162844579,-0.3903183400031339,0.014812136413508451,-0.370024775101829
147,Y38E10A.5,5.168391232285849e-12,6.38138101129171e-10,2.54420533842908,0.36867876378323206,4.83842634486607,2.9502010743342595,0.0154265023932152,0.18845954390388298,0.0491319576402221,0.18845954390388298,WBGene00012583,clec-4,0.0441753037801308,0.0009397944017680859,1.4727163323531398,1.5692235124832201,0.015038366273345663,1.8620483944218134
281,T03E6.7a,7.530533271818231e-08,4.86402771827405e-06,-0.573426055801901,0.10662381422622301,8.73284297813368,0.683799076218452,0.00347034038382672,0.0100218715527387,0.0135826162563956,0.0135826162563956,WBGene00000776,cpl-1,0.0495735483951936,1.19834700352675e-06,-0.340239697000071,-0.5881899616149799,0.016526536923305135,-0.5006185714723174
860,MTCE.11,0.000970969449573238,0.0204755268898515,-0.297806785811823,0.0902771409522688,8.31022320187523,0.0832813408915631,0.000321287826294982,0.0119036554414787,0.0115845061135949,0.0119036554414787,WBGene00010959,nduo-1,0.0128112084191633,0.016313311393122,-0.32195727173755395,-0.366614356475108,0.016533348900712265,-0.32879280467482835
208,F43E2.5.2,1.3412424168866099e-09,1.17036297435057e-07,-2.00631548187201,0.330945342029303,5.38832119427346,0.9936441167124921,0.0563764147174648,0.107910814398873,0.0252661348770626,0.107910814398873,WBGene00018393,msra-1,0.0497823047089879,5.6929530171437097e-05,-1.09694100884261,-1.34005293072251,0.016613117091818924,-1.4811031404790433
64,K09D9.2,2.82997363534972e-21,8.0256283564996e-19,-2.01753928594711,0.213071670328941,6.05200588300859,1.08834071067616,0.00651554078252048,0.0615837642626267,0.0147457198049052,0.0615837642626267,WBGene00019565,cyp-35A3,0.0500872078844316,3.81722050635125e-42,-0.499286491960299,-1.4477253707957802,0.0166957359614772,-1.3215170495677298
362,C05G5.4,1.3022873519935e-06,6.529424154332061e-05,-0.418390415109532,0.0864549373974251,7.12198528639522,0.0547005911472203,0.000929359433113428,0.0036768284634478205,0.0102823248674756,0.0102823248674756,WBGene00007350,sucl-1,0.0497802226860732,0.000331547447349395,-0.27628441242213597,-0.381851558566293,0.016725688124988636,-0.35884212869932036
537,F17C11.1,4.19665165838287e-05,0.00141842137057075,0.8446950845314659,0.20620537499622602,4.83687715005201,0.6968076119285991,0.0145502707184799,0.028354287557741,0.0492307142975211,0.0492307142975211,WBGene00008913,F17C11.1,0.000691007391519221,0.0483348654866048,0.892755606827583,0.5887229923921271,0.016814764749564923,0.7753912279170588
233,C15H9.7,6.62946651261074e-09,5.16415524480193e-07,-1.23181450407454,0.212379935347338,6.34577945191594,0.33739348521227597,0.00235516494115587,0.0653026904660535,0.0125447725491836,0.0653026904660535,WBGene00015802,flu-2,0.0511017403278042,0.000190484964103421,-0.753821845583313,-0.987798610603947,0.017097580569144035,-0.9911449867539334
197,M05D6.7,6.234927119852329e-10,5.7443617880873e-08,1.2511661206171498,0.20231086605364199,5.176035043169049,0.38283274204625706,0.0102044587794789,0.0511900710055831,0.0318786209422166,0.0511900710055831,WBGene00001523,gbh-2,0.0513712729581697,3.36518803625758e-10,0.686572027224925,1.4434520215020001,0.017123776912768795,1.1270633897813582
728,F45B8.1,0.00036502623766459304,0.009100585458258741,0.433955929096649,0.12175553001376402,5.7503438815960095,0.0827503265755524,0.00391816082852589,0.0133944495430114,0.0183184528048731,0.0183184528048731,WBGene00004354,rgs-11,0.0425153495192637,0.00085659534772368,0.46739928361913896,0.49556444172416203,0.01749084344174871,0.4656398848133167
533,T10H4.12,4.0801601724457897e-05,0.00138724923333392,1.34637221502491,0.328151921795199,5.4318936812248495,0.6502512345354771,0.00608855191757244,0.155436973749251,0.0242113208410249,0.155436973749251,WBGene00000783,cpr-3,0.0202931226585422,0.031026189788598,1.10431148980852,0.903655723105389,0.017568853893491373,1.118113142646273
681,F55F8.5.1,0.000262399948376017,0.006993478800329971,-0.45337539506690794,0.124217757002101,6.18701280763266,0.0989714294627952,0.00956305358727387,0.0118478870567601,0.0135820231446757,0.0135820231446757,WBGene00018893,wdr-12,0.0328461420027911,0.0135163847204753,-0.457233972952715,-0.501001182452132,0.017785335174532124,-0.4705368501572516
1005,C50E3.13,0.00209615566766541,0.0378559456399275,0.337665498385,0.10976497132033698,6.25532830749163,0.0489609701320575,0.00244248969389425,0.0156300336995374,0.0130969470808165,0.0156300336995374,WBGene00016824,C50E3.13,6.75483303209847e-05,0.0186516228467089,0.495312668531878,0.325176960737104,0.01885837227231913,0.386051709217994
1013,C01F1.2,0.00217437326437053,0.0389199948208334,-0.33255685465449797,0.10849009926334402,6.11897929687611,0.24235746513100304,0.00352329484237324,0.0119584490996762,0.0141318576148822,0.0141318576148822,WBGene00015297,sco-1,0.0179145813302785,0.000670900044641171,-0.407781421259756,-0.461334836911999,0.019168492065251022,-0.40055770427541765
234,W07A12.4,6.70027213119486e-09,5.19700594791397e-07,2.80302691081023,0.48342473869283603,3.2701846027293504,2.08523737818319,0.0915331554881536,0.0663621479919116,0.259016061482202,0.259016061482202,WBGene00012322,W07A12.4,0.0584461489324437,1.7898609280036701e-06,1.70327837893518,2.65430146073878,0.019482819497988833,2.3868689168280635
142,T19H12.9,2.72950791002331e-12,3.48877243429035e-10,-1.18809082705602,0.169945975462258,6.36053959703347,1.25975815383302,0.0020870964487543103,0.0412353554149732,0.0124634194039127,0.0412353554149732,WBGene00020592,ugt-12,0.0219433208955232,0.0370614758609707,-0.613307685811915,-0.502287112048529,0.019668265701790383,-0.7678952083054881
695,H13N06.6a,0.000295272741049519,0.00772474548214323,-1.06040259336458,0.292976448951255,6.90947603871816,0.438891276667289,0.11814080183700001,-0.10273965166529302,0.0106119976231307,0.0106119976231307,WBGene00006541,tbh-1,0.0517359600630749,1.78893610994415e-06,-0.452610373282122,-0.969816054559331,0.019820831493776024,-0.8276096737353443
795,C54G4.8,0.000629330107894409,0.0143677251047591,-0.292816665239072,0.0856527606225287,7.52356879484538,0.407789823376014,0.000886194940571423,0.007822874311862479,0.0101183981628189,0.0101183981628189,WBGene00000869,cyc-1,0.0441753037801308,0.0009337639615163119,-0.300677074295786,-0.356149822360401,0.019825597615468735,-0.31654785396508633
615,F33D11.11.1,0.000118148700089026,0.00348682749043222,-0.35708263113366795,0.0927502775440826,7.10364167121367,0.0647719812732125,0.00259993989191743,0.00615975650708835,0.0103039810848391,0.0103039810848391,WBGene00018008,vpr-1,0.0573586338388933,0.00034817541653969,-0.29120176963871697,-0.4092343006065421,0.020397878915288405,-0.35250623379297563
826,C55B6.2,0.0007928971378991519,0.0174226187080746,-0.529019408301045,0.157668561507239,6.04671680761778,0.0923280732922806,0.00347352698230427,0.0338155359493389,0.0147969664783754,0.0338155359493389,WBGene00001025,dnj-7,0.0248318370639583,0.019832442857722,-0.560582637652379,-0.639808867134464,0.020695632876584966,-0.5764703043626294
1148,Y73B6BL.9a,0.0036936036311098603,0.0583962594988188,0.263120689514148,0.0906309925958727,6.72151884176424,0.198195734847745,0.00127146682720656,0.0016886209629590801,0.0110494984011631,0.0110494984011631,WBGene00001853,hil-2,0.0040350349345555205,3.2710252150035105e-11,0.3576430865985929,0.646204086183591,0.020810431488694856,0.42232262076544397
1087,Y38H6C.1a.1,0.00295400378430164,0.0493239822309795,-0.26608037643656196,0.0895144785446683,7.203826391081161,0.0312432229958172,0.00181827329607212,0.00657916358435532,0.0102009895076137,0.0102009895076137,WBGene00012615,dct-16,0.0134774551507073,3.0161019670437898e-05,-0.37694454808282,-0.55328270377814,0.02094386613378575,-0.3987692094325073
314,W02H5.8,2.42606224782983e-07,1.4023257897487699e-05,-0.7699431696898459,0.149117811894832,5.350177211283,0.220004958264111,0.00710278130731365,0.00921293705080715,0.0262514014291401,0.0262514014291401,WBGene00020962,W02H5.8,0.0298552204671858,0.0346824435762197,-0.477821278372666,-0.405216716900426,0.021517229100434326,-0.5509937216543126
195,R173.1,6.14065656918926e-10,5.68637330259107e-08,-0.9166586181206641,0.14816414968162,5.35189786919643,0.210615751964085,0.0067232715711390105,0.0185950027815075,0.0262056513051771,0.0262056513051771,WBGene00000283,cah-5,0.0696008509917061,1.73960902785923e-08,-0.423007383926701,-0.9088253909215329,0.023200308417176466,-0.7494971309896327
119,F13H6.3,2.1661065453038894e-13,3.3037675459887e-11,-1.1118556154947201,0.151517720666171,5.87685508053883,0.405946391885694,0.0049412135950104,0.0294952159187973,0.0166417206324598,0.0294952159187973,WBGene00017431,F13H6.3,0.069744011861689,6.98283901950829e-09,-0.6192337891575171,-0.882974734732208,0.0232480062925219,-0.8713547131281484
606,T07H3.1,0.00010644963675182,0.0031882193185569898,2.4815829598680095,0.640342385837505,3.1535368723051502,1.66179675024395,0.163783468823339,0.4512740878267629,0.28139997740628103,0.4512740878267629,WBGene00006464,bath-47,0.0523000263043358,0.0148890366125947,2.148067121993,2.15437500792659,0.02345909407849583,2.2613416965958666
27,M05D6.5a,3.6096783955930395e-33,2.25916078896599e-30,1.81610510842628,0.151358625693082,5.22063967153069,0.636904143742078,0.004129501703198471,0.00925806226330157,0.0302346486543493,0.0302346486543493,WBGene00010878,M05D6.5,0.0723825474401739,4.85803722937682e-21,0.5870082717427629,1.53016319724102,0.0241275158133913,1.311092192470021
28,M05D6.5b,3.6096783955930395e-33,2.25916078896599e-30,1.81610510842628,0.151358625693082,5.22063967153069,0.636904143742078,0.004129501703198471,0.00925806226330157,0.0302346486543493,0.0302346486543493,WBGene00010878,M05D6.5,0.0723825474401739,4.85803722937682e-21,0.5870082717427629,1.53016319724102,0.0241275158133913,1.311092192470021
608,T22F3.3a,0.000110102026002475,0.00328676278280414,0.5324024005516671,0.137672067020908,8.863297814699552,0.0747235536349499,0.00327251430149549,0.0251578827552184,0.0144252060921762,0.0251578827552184,WBGene00020696,T22F3.3,0.0682361547203602,0.000932947264620321,0.396747855276758,0.544818963940965,0.024151954922594882,0.49132307325646335
394,F01F1.6.1,3.24104551819306e-06,0.00014930196993706598,-0.60692869069308,0.130384308893594,7.24347647636367,0.133098649788354,0.0036315111030347704,0.0218685909054554,0.0101704890852438,0.0218685909054554,WBGene00000115,alh-9,0.0617064752410957,0.0117236315263872,-0.47601481628619996,-0.47804739615909897,0.02452646957913999,-0.5203303010461263
1123,B0272.3,0.00335904578939372,0.0542891193922494,-0.310404049901859,0.105838284520135,6.162994227598441,0.0967918755565934,0.00303451629497544,0.00620107791238005,0.0137680974102721,0.0137680974102721,WBGene00007129,B0272.3,0.0218914560280603,0.000164221671861903,-0.37018134118796603,-0.48512297671095095,0.025448265697390535,-0.388569455933592
1181,F47B7.1,0.00419460769984651,0.0644641234142372,-0.43278699782848795,0.151157992462142,5.33643053024503,0.134140151265764,0.007651623509270491,0.0118023475384087,0.026621484518507002,0.026621484518507002,WBGene00018532,F47B7.1,0.0049625029702699795,0.00692255093703419,-0.596680387326914,-0.52296391363563,0.02544972577384712,-0.5174770995970106
34,R02E12.2a,1.14249210034736e-30,6.0988916533249e-28,2.03128013632897,0.176442751038175,5.25743930131438,0.920522532712739,0.0177127236911987,0.0230877993708335,0.0289853428996805,0.0289853428996805,WBGene00019827,mop-25.1,0.0779653582045641,5.90391384689368e-15,0.673029565956766,1.54678426966855,0.025988452734856667,1.417031323984762
949,B0205.11,0.0016340293709261801,0.031251457410232,-0.371010676603034,0.1177900279503,6.18534172637753,0.168922073858973,0.00308288164335446,0.0177288543834443,0.0135946964728163,0.0177288543834443,WBGene00015025,mrpl-9,0.0482618928079013,8.4806348487654e-05,-0.364280219760945,-0.499765386346494,0.026532718855540316,-0.41168542757015764
1078,R74.5a,0.00286538071167264,0.0482436548393863,3.2080611849124105,1.07587261796267,3.78135062321698,7.4595992417812695,0.8456275364488199,0.8906252986739449,0.173388318751935,0.8906252986739449,WBGene00011279,asd-1,0.000128697206202595,0.0316563371467382,4.439129999888441,3.1200312082208597,0.026676229730775696,3.589074131007237
205,C14F11.4a,1.0887906389533e-09,9.63978053512309e-08,1.6368055941688302,0.268512860257203,6.38054608552544,1.1585337562874398,0.0304845756199066,0.0776641585653494,0.0123567762323533,0.0776641585653494,WBGene00015780,C14F11.4,0.0804496902568187,7.69395157965379e-07,0.912076440210265,1.44165969454081,0.026816852016594006,1.330180576306635
1186,C49C3.9,0.00425157614032196,0.0650641711187552,0.432147174136141,0.151160317597107,5.62596338881732,0.6344430561003461,0.003603196971993,0.0306709654520946,0.0202914310056811,0.0306709654520946,WBGene00008199,C49C3.9,0.0150383427592454,0.000880716817182849,0.514574308474644,0.6084688289784941,0.026994410231727817,0.5183967705297597
18,R02E12.2b,5.2160668959068e-43,5.25953412003936e-40,1.46584223716227,0.10662010908633199,6.968163965867389,0.535711314711949,0.0012942142193872802,0.0157575572729847,0.010503491546864,0.0157575572729847,WBGene00019827,mop-25.1,0.081192881129536,5.54388570098034e-26,0.313622061865789,0.9958517032110541,0.027064293709845335,0.9251053340797043
1150,F47H4.1a,0.0037275068340676,0.0588297817724582,0.384794164432722,0.132671803479233,5.85348198712003,0.160755974476926,0.0094730042151267,-0.00042038722931664904,0.0169297069425216,0.0169297069425216,WBGene00009834,lsy-27,0.0217638844737052,0.0007506908746889389,0.45512241036995205,0.5355031380116,0.027114785706950778,0.458473237604758
823,C47E12.4d.1,0.000776213136053995,0.0171181876298663,-0.407508708626956,0.12124119821415,7.010005095863691,0.0491884263367507,0.0116147813584207,0.00023604254261041,0.0104343608581834,0.0104343608581834,WBGene00008149,pyp-1,0.0631282923401424,0.0015382156751995802,-0.38798143166583293,-0.495227831727059,0.027261565215069426,-0.430239324006616
300,W05G11.6c,1.33234354004684e-07,8.060678417283411e-06,2.73928328196087,0.519360343800436,6.41610016407578,4.25151250988383,0.39242563360761107,-0.28644118763345194,0.0121771164611506,0.0121771164611506,WBGene00021043,pck-1,0.0772209143768983,0.004784964567547761,1.6397330123846698,1.9507333557532098,0.027337979874287783,2.1099165500329167
376,Y119C1B.5,2.01521224928326e-06,9.7276867884285e-05,-0.659938143502051,0.138879005263073,5.569462270441389,0.298677753277164,0.0061561291660704,0.0227749379882205,0.0213152146534469,0.0227749379882205,WBGene00022471,Y119C1B.5,0.0788332499073897,0.00312674354216805,-0.38870062030509894,-0.48162877416250294,0.027352423439147344,-0.5100891793232176
250,F32B5.8a,1.92594581680645e-08,1.39823666300148e-06,-0.6238836086333511,0.11104046233583,9.204838211056499,0.170267791657246,0.000411904066597622,0.0180830723470346,0.017270150043380002,0.0180830723470346,WBGene00000788,cpz-1,0.0825787390795176,1.19519877706723e-07,-0.37610404427271904,-0.6805626974942081,0.027526752278686104,-0.5601834501334261
153,W05G11.6d.2,7.32756625935643e-12,8.692505072373809e-10,3.2718837399410803,0.477569401033005,5.0148216761415805,5.35030393651034,0.29730850440131,0.0448002948032251,0.0390459310736986,0.0448002948032251,WBGene00021043,pck-1,0.0823571467849235,0.000323333922613279,1.6828857753723299,2.2960562945868,0.02756016052559576,2.4169419366334033
231,F13D12.2,6.03880682957295e-09,4.74477679466446e-07,0.594758772354868,0.102268147892297,6.94534301582302,0.186644478346948,0.0011063654452560599,0.014581795664725,0.0105440717673886,0.014581795664725,WBGene00002262,ldh-1,0.0050398544889050205,0.078116988910632,0.40853126722883704,0.289829892382456,0.027719105959072163,0.4310399773220537
1124,Y47D9A.2a,0.00337565233688776,0.0545089767922713,0.3868608188782729,0.131976623827115,5.56084908999249,0.585868736245756,0.00464763606176707,0.0126016379012472,0.0214791077934386,0.0214791077934386,WBGene00021629,scpl-3,0.0225558671499044,0.00701433582480334,0.453157012724172,0.45325681717927796,0.02802639325565968,0.4310915495939076
692,C05C10.5a,0.000291183768353482,0.00763726213239262,0.33579394494726694,0.09268344741474999,8.34230921301506,0.126233845436209,0.00118362430115725,0.008855710411822091,0.0117017078358668,0.0117017078358668,WBGene00007332,C05C10.5,0.0639187403871044,0.0130439514083744,0.290880868575516,0.307849475072607,0.02819998464262381,0.3115080961984633
410,M02D8.6,4.88070807605867e-06,0.00021606061361088998,1.6798383282383502,0.36759147800474207,5.16601428953883,1.6612267332513602,0.00993581424203525,0.192749427810531,0.0322677891917116,0.192749427810531,WBGene00019732,M02D8.6,0.0440781333053843,0.0405112900246613,1.2262378175296698,1.07543091782245,0.028268494647885497,1.3271690211968232
24,Y19D10B.7,9.55471050619565e-35,7.22574982031046e-32,-3.0037967554155696,0.24429688355117604,8.276311757073929,2.0591985656398,0.0009365261833754859,0.0885849247858496,0.0114661849586366,0.0885849247858496,WBGene00021236,pud-1.2,0.08866638154099198,9.31356071944122e-16,-1.73498581864759,-2.5026471068953597,0.0295554605136643,-2.41380989365284
585,T10B5.8,8.118059613790691e-05,0.00251868003402224,-1.17794750103273,0.298904095487891,4.1441762661496,0.9953669709519569,0.0176514325192776,0.0440389549254025,0.116364054929874,0.116364054929874,WBGene00020394,T10B5.8,0.0788332499073897,0.008334753303305091,-0.976036271033622,-0.9469258825226871,0.029895561081572344,-1.0336365515296797
654,ZK1321.3,0.00020115726274589,0.00557590468487835,-0.39524731018768394,0.1063190504579,6.092806538211111,0.0553552385073578,0.00259265571851643,0.00351697103820658,0.0143629550168878,0.0143629550168878,WBGene00000178,aqp-10,0.0842855417498901,1.2246782958506e-05,-0.317789111288036,-0.5495469677057879,0.029957897739242317,-0.4208611297271692
186,B0213.14,3.82154250862416e-10,3.72908583502841e-08,-0.768167104297917,0.12268790583110399,5.691790618438421,0.355158617947942,0.0033758787054905897,0.0180193302154504,0.0192026046503423,0.0192026046503423,WBGene00015043,cyp-34A8,0.0903766035445628,1.72087983595542e-05,-0.342858172598907,-0.596743586590334,0.030131283211260237,-0.5692562878290527
557,Y38F2AL.4,5.84277652737977e-05,0.0019038849905196199,-0.56337274033666,0.14017482441856,6.5508584867116495,0.6808716807134331,0.00315164272231723,0.026321829378843996,0.0115979111533643,0.026321829378843996,WBGene00006912,vha-3,0.0895818878253269,0.000164221671861903,-0.421141233277637,-0.650335649628015,0.030549998162569477,-0.544949874414104
501,F54C8.4a,2.6571677981701396e-05,0.000962782550785499,0.36636895713912204,0.0872095540866931,8.125666880299269,0.298961623243413,0.000401699183625138,0.00671644422291391,0.0110065603023746,0.0110065603023746,WBGene00010037,F54C8.4,0.0366206609294926,0.0540811896542262,0.287634581673866,0.244579729783535,0.030554877711501432,0.29952775619884103
510,C44F1.3,3.07020002295558e-05,0.00109049178897542,-0.46969058948423,0.11268438418505099,6.872269948124679,0.31926571076400606,0.00109030344822297,0.0179563522105232,0.0106878754089152,0.0179563522105232,WBGene00002267,lec-4,0.010692064605203002,0.0809418568424626,-0.42965642899976,-0.295060166819086,0.030908137745547012,-0.3981357284343587
1048,Y67D2.3,0.0025416316833876103,0.0440177624556156,-0.35957762211845395,0.119130901266967,5.90154342226727,0.69855940926232,0.0049409519287208605,0.00379121385576706,0.016347305526299,0.016347305526299,WBGene00022053,cisd-3.2,0.0493180572929543,3.41922022527379e-06,-0.386685277651675,-0.667442952596216,0.031113079656265058,-0.47123528412211496
329,F55C10.3,3.86640656392501e-07,2.13298720775802e-05,0.9653217905172751,0.19019544348710998,7.10355551066715,1.1846405961546398,0.000989788997623573,0.0532716710872642,0.0103040857856082,0.0532716710872642,WBGene00000728,col-155,0.0962898387922541,3.73681040669775e-11,0.370154779307997,0.637267607205343,0.032103722900566595,0.6575813923435384
870,C10C5.5,0.00107946652897355,0.0225199051734138,2.30023703659856,0.703661941766068,4.25036024691603,1.9509201539496202,0.0520340262747337,0.690676166160256,0.10163146531805901,0.690676166160256,WBGene00007509,C10C5.5,0.0685627547752597,0.00552282972650836,2.21944971798474,2.6046070517169397,0.032201829891727284,2.37476460210008
218,F54F7.3,2.35196761839359e-09,1.9581748749469602e-07,1.81268928237043,0.303560819866212,5.89501898304166,0.829845274590785,0.00432696220912272,0.133896794827647,0.0164241592355288,0.133896794827647,WBGene00010065,F54F7.3,0.0974793276269705,1.6953328896928198e-05,1.0379103976664599,1.51125466535938,0.03249882559111831,1.4539514484654232
414,Y46E12BL.3,5.13903750420765e-06,0.000225471316342306,0.388492684745074,0.0852138865930584,7.8559202187583,0.17083961312697898,0.00046031010453739406,0.0048950144343369705,0.0104317995979045,0.0104317995979045,WBGene00021596,spsb-2,0.0622337955127404,0.0374171742449407,0.264807525579925,0.252370177090379,0.03329214702467447,0.3018901291384593
353,K10B3.9.2,9.9290563961901e-07,5.10516639067565e-05,0.7844686800929259,0.160323396189065,5.24725527925787,0.126141144690926,0.00923387530491605,0.00199907897987389,0.029321511743477996,0.029321511743477996,WBGene00003124,mai-1,0.0833588328398927,0.0187664218145858,0.5068170634725839,0.524621235651755,0.03405876877279509,0.605302326405755
275,C51E3.9a,5.3315112832268495e-08,3.5187974469297202e-06,0.7009411152784241,0.12885220453363902,5.64855666979171,1.04992325660891,0.00499862972744162,-0.0010035615068699599,0.0199057061923266,0.0199057061923266,WBGene00008254,C51E3.9,0.0431896110969664,0.0621593277569938,0.44551958779252904,0.3666365303419571,0.035117485883802375,0.50436574447097
666,Y37E3.10a,0.000228781805746685,0.00623481948093444,-0.33920266661662696,0.0920517722821597,6.890201821968191,0.640470111197922,0.00205968025186973,0.008258964121104941,0.0106506129185601,0.0106506129185601,WBGene00021351,Y37E3.10,0.0962898387922541,0.0049669105897158705,-0.268993093489102,-0.363593772076886,0.03583052295430147,-0.3239298440608716
490,B0350.2a.1,2.3121708904471303e-05,0.000856446972686029,0.441390851511381,0.10428870071085,7.404028098284829,0.965849822121595,0.00405254600180563,0.0122616536421303,0.0101057207543075,0.0122616536421303,,,0.0431896110969664,0.0703215874398662,0.38537718097765505,0.27993425354434803,0.03812254850317288,0.36890076201112804
1125,F15D3.7,0.0033864886236022102,0.0546353497941156,-0.28534979378374,0.0973794632393504,6.46881231464895,0.18238809210899104,0.0022916849344572,0.00574720833976926,0.0119324548567188,0.0119324548567188,WBGene00008857,timm-23,0.0639187403871044,0.0010242798371056599,-0.30271719539391195,-0.402471699488346,0.03985945667277522,-0.33017956288866596
1065,K09C4.1a,0.0027481008227401103,0.046833830922754005,-1.3245428705103401,0.44231128898350497,4.50400649021472,0.720805640657782,0.0164846739071021,0.27697424063627196,0.0738997327318587,0.27697424063627196,WBGene00019547,K09C4.1,0.0213085965295068,0.0527452170028236,-1.53517243348018,-1.26164312486904,0.040295881485028134,-1.3737861429531868
910,F42A10.5,0.00141853871829292,0.02829283267804,-0.34483768023152,0.108070718553635,7.63971417074289,0.0511302096053136,0.0006244679881326929,0.0168944523249156,0.0101808005634657,0.0168944523249156,WBGene00018341,F42A10.5,0.0963125171202859,9.306406855262061e-06,-0.25163586393266896,-0.443538266350677,0.04153821873506039,-0.3466706035049553
1194,ZK858.3,0.00440351977815884,0.0669379262760326,0.321009908706974,0.112725679450699,8.29888876287053,0.39756826882192003,0.000244739093441043,0.0188158791179917,0.0115443302270867,0.0188158791179917,WBGene00014117,clec-91,0.0366206609294926,0.0218892639415589,0.33871470456474795,0.331836113277046,0.04181595038236136,0.33052024218292264
838,T04A8.7a,0.000849529611112182,0.0183997165175252,0.5914159293845129,0.177275963004871,6.5729252208484805,0.8420962553692121,0.0237042532742622,0.0234358973146946,0.0115166019759514,0.0234358973146946,WBGene00011409,T04A8.7,0.0845987836085163,0.0249256813390566,0.4905289489456379,0.587005109094677,0.04264139382169937,0.5563166624749426
641,W08E3.1,0.000182259070320611,0.005153987448455671,-0.32655282666770197,0.0872572100549698,7.682393226172071,0.0819124497733896,0.000649141213394066,0.0107715898464716,0.0102162872729643,0.0107715898464716,WBGene00004915,snr-2,0.0742471828335708,0.0541223627083059,-0.261571676725462,-0.28505506665896396,0.04450784433011079,-0.2910598566840426
1104,C27A2.2a,0.00318643348090647,0.0523856591290331,-0.33966364446446695,0.115173179525143,6.4094663952952,3.30642716308101,0.00768758260193852,0.00902726638922459,0.0122097093209578,0.0122097093209578,WBGene00004434,rpl-22,0.0830506082739879,0.000144033340222335,-0.341093553708451,-0.537936250945737,0.04519343358108111,-0.4062311497062183
1237,C12D8.1a,0.0050193219468125105,0.0736162068442904,0.321840467492966,0.114705783443139,8.0766374127794,0.23289877636380102,0.00624516794727769,0.0134909571856789,0.0108791975284908,0.0134909571856789,WBGene00007534,C12D8.1,0.0518286532512947,0.0265329627436636,0.34067126056119107,0.33063821710529806,0.05065927427974957,0.33104998171981836
903,W02D7.6,0.00135116399948536,0.0271579474979616,0.32528009835998806,0.10149508852147698,6.2251354911945995,0.0612455686732458,0.00214830664820736,0.0048180095838013,0.0133035728427664,0.0133035728427664,WBGene00020942,W02D7.6,0.0772209143768983,0.049864423990269004,0.310380463110854,0.286855599517135,0.05141442862170964,0.30750538699599234
1177,C25A1.16,0.00410332955091536,0.0632756426075733,-0.261962704562853,0.0912728016907605,6.77127039848974,0.0795314595471156,0.00157643031160056,0.0051842446633840605,0.0109196561811208,0.0109196561811208,WBGene00077526,C25A1.16,0.0788332499073897,0.0142197361275315,-0.278251511665906,-0.303055174610122,0.0521095428808315,-0.28108979694629366
1378,T21C12.2,0.00749090362691195,0.0986646595271785,-0.357699853910604,0.13375985941636,6.99457503719117,0.0443523159737738,0.0010604723068525599,0.0257770776797742,0.0104590648507478,0.0257770776797742,WBGene00001993,hpd-1,0.0879213553221662,0.000596455309692107,-0.42872514730191996,-0.77334904111339,0.062394156719678934,-0.5199246807753046
1037,T03G11.4,0.00244527123052912,0.0427981415950854,-0.47915428397208204,0.15813501180181197,5.22613625069613,0.123362827632345,0.00746807195669355,-0.00091874837668702,0.0300419509796452,0.0300419509796452,WBGene00020197,mans-3,0.0963125171202859,0.0665842674869093,-0.464897535108282,-0.4122261931477871,0.0685649754007602,-0.45209267074271703
